age,income_k,monthly_spend,website_visits,support_tickets,tenure_months,last_login_days,used_discount,premium_plan,auto_pay,num_products,churn
22,82.3,124.2,13,1,51,13.2,0,0,1,5,0
59,116.6,85.4,6,2,31,17.4,1,1,0,3,0
52,25.0,123.9,4,2,25,16.5,0,1,0,4,0
41,43.1,84.3,9,1,33,8.8,0,0,1,5,0
40,59.2,70.5,8,0,22,18.5,0,1,1,1,0
63,125.9,130.5,11,3,21,5.2,0,0,0,2,0
22,92.9,126.8,10,2,72,6.8,0,0,1,2,0
54,106.5,146.1,11,2,21,20.4,0,0,1,1,1
28,53.1,218.4,11,0,34,18.2,1,0,1,4,0
22,53.7,132.5,10,1,52,9.4,0,1,1,1,0
45,97.5,141.8,9,0,16,6.7,0,0,1,2,0
69,86.6,71.5,8,2,45,7.4,1,0,1,1,1
56,100.4,62.1,11,2,65,16.9,0,0,0,4,0
58,79.7,191.2,10,2,59,14.8,0,0,1,4,0
56,92.8,78.4,12,2,3,6.4,0,1,1,3,0
59,89.4,73.0,8,5,30,18.1,0,0,1,3,0
45,106.8,118.2,8,3,1,9.1,0,0,1,3,0
24,107.6,115.9,9,4,44,5.3,1,0,0,1,1
62,39.6,79.4,7,0,24,8.0,0,1,0,2,0
41,25.0,106.3,9,2,65,12.0,1,1,0,5,0
44,113.0,175.3,5,2,13,17.7,1,0,1,1,1
37,118.3,83.7,8,1,62,17.0,0,0,1,4,1
27,56.4,57.3,7,4,25,10.4,1,0,1,1,0
67,32.9,162.4,10,0,67,13.0,0,1,1,1,0
59,87.8,142.2,7,0,15,9.8,0,0,0,2,0
52,111.1,92.1,9,3,20,6.4,1,0,1,2,0
39,135.3,48.8,17,2,26,10.7,0,1,1,2,0
61,99.5,86.5,9,2,71,2.2,1,0,1,5,0
46,74.6,117.5,15,1,53,27.8,1,0,1,5,0
41,60.0,172.5,7,4,59,12.7,0,0,1,4,0
41,85.3,73.4,12,2,40,15.2,0,0,0,1,1
30,76.6,116.2,11,3,58,6.6,1,1,0,5,0
22,56.6,150.4,9,2,46,12.7,0,1,1,5,0
47,142.4,12.8,7,1,49,14.1,0,0,1,1,0
65,135.0,166.5,13,2,61,9.4,0,1,1,2,0
21,116.8,66.8,10,4,71,9.8,0,0,1,4,0
63,59.2,134.9,14,0,42,3.9,1,0,0,1,0
61,108.9,131.1,13,2,32,33.5,0,1,1,1,0
32,102.9,168.8,10,2,48,6.5,0,0,0,4,0
51,97.4,144.8,9,4,54,7.2,1,0,0,2,0
26,120.0,13.0,8,1,72,28.9,1,0,1,3,0
58,102.8,84.7,10,2,51,15.7,1,0,0,4,0
55,105.7,126.2,9,0,69,17.8,1,1,0,3,0
36,102.8,111.2,14,1,53,3.6,0,0,0,4,0
21,94.5,141.5,15,2,69,12.5,0,0,1,1,0
69,35.1,155.5,11,2,55,3.7,1,1,0,1,0
41,87.3,147.4,13,2,64,5.8,0,0,1,2,0
65,69.4,110.4,15,2,14,36.6,1,0,1,2,0
53,49.2,36.9,11,0,72,4.9,0,0,0,2,0
59,132.1,99.5,8,1,26,17.3,1,0,1,4,0
58,133.4,138.7,11,1,58,5.3,1,0,1,1,0
28,123.1,70.9,5,1,29,5.9,1,0,1,1,0
37,92.1,148.4,7,4,33,50.8,0,0,1,2,0
42,122.8,160.9,11,2,54,10.5,1,0,1,2,0
44,85.3,125.7,14,2,39,3.4,1,1,1,1,0
20,90.7,10.0,8,1,52,17.7,1,1,1,1,0
46,54.4,62.5,12,0,6,24.4,1,0,0,3,1
26,96.1,204.9,17,3,61,18.8,0,1,1,1,0
57,86.7,95.4,9,1,30,9.8,0,1,0,1,0
54,48.5,30.7,6,1,57,10.0,0,1,0,5,0
66,83.6,175.6,8,0,21,7.5,1,1,0,1,1
57,82.8,120.6,5,1,43,4.5,1,0,0,1,0
37,135.3,169.7,6,1,43,14.0,0,0,0,1,0
69,110.0,132.5,6,4,11,9.5,1,1,1,3,0
39,85.3,140.6,7,0,35,3.7,0,0,0,4,0
35,92.0,136.3,7,2,46,10.6,1,1,0,4,0
65,86.2,151.4,6,1,61,6.5,0,1,0,4,0
37,79.3,222.5,11,1,64,13.5,0,0,1,1,0
22,54.7,163.7,9,3,28,12.6,0,0,0,2,0
42,80.8,48.9,7,0,47,8.5,1,1,0,4,0
60,64.1,140.1,4,2,13,11.0,1,0,1,4,1
28,50.0,171.4,9,0,65,11.7,0,1,0,2,0
42,99.3,174.1,8,2,63,20.4,0,1,0,5,0
24,96.0,100.8,9,4,72,10.7,1,0,1,5,0
54,35.0,172.4,9,3,36,7.7,0,0,1,4,0
43,81.6,161.7,7,1,26,9.2,1,0,1,4,0
35,112.9,235.8,7,5,55,32.0,0,1,0,5,0
30,114.7,86.2,6,3,53,5.5,1,0,1,4,0
47,113.7,97.2,11,3,16,9.6,1,0,0,3,1
53,86.1,106.2,10,1,39,9.5,0,0,1,2,0
67,61.3,97.9,9,0,47,9.8,1,0,0,2,0
41,54.7,79.9,12,2,33,2.5,0,0,0,5,0
26,94.6,10.0,7,0,27,4.3,1,0,0,2,0
62,95.6,100.4,12,1,18,9.1,1,1,1,4,0
51,121.0,136.6,15,1,30,7.4,0,0,1,3,0
55,115.8,97.8,9,1,18,13.4,1,1,0,2,0
23,81.3,207.1,10,1,22,22.3,0,1,1,3,0
34,50.2,120.6,9,2,14,14.1,1,0,1,1,0
58,76.1,178.1,14,1,28,12.0,1,0,1,4,1
62,91.1,131.8,13,2,46,15.1,1,0,1,1,0
41,79.3,157.2,13,4,28,12.8,0,0,0,1,1
60,68.8,132.6,16,3,11,10.9,1,0,1,2,1
62,92.1,181.6,7,0,58,19.9,0,0,1,3,0
38,70.9,122.5,8,1,32,8.9,0,0,1,2,0
65,67.4,142.3,12,2,43,4.3,1,0,1,5,0
33,93.7,136.5,9,0,38,7.2,0,0,1,5,0
30,73.7,107.0,14,3,37,6.5,0,1,0,2,1
54,91.8,138.2,17,0,32,37.5,0,0,0,5,0
51,92.6,220.5,12,1,55,23.2,1,0,0,1,1
25,53.1,107.8,11,1,62,12.1,1,0,1,1,0
62,71.5,138.9,13,6,66,6.6,0,0,1,2,0
28,125.3,176.6,7,4,32,19.8,0,0,1,5,0
60,52.5,171.3,11,6,25,11.8,1,0,0,3,1
18,25.7,120.5,6,1,6,8.9,0,0,0,4,0
60,32.9,12.7,9,1,32,11.8,1,0,0,4,0
59,85.8,143.3,11,1,72,9.1,1,1,1,3,0
59,85.9,20.1,9,3,19,15.0,1,0,0,5,1
53,81.7,186.1,8,0,61,4.0,0,0,0,5,0
42,119.0,127.6,8,5,55,14.9,1,0,1,3,0
55,25.0,165.0,16,4,48,9.1,1,1,0,4,0
32,96.1,79.4,11,2,41,20.1,0,1,0,4,0
59,128.7,50.1,6,2,55,23.5,1,0,1,3,0
47,53.4,131.7,7,2,8,26.8,0,0,0,1,1
42,74.4,118.5,8,1,10,39.2,1,0,0,2,0
44,63.9,97.9,11,3,15,26.2,1,1,0,5,0
48,60.0,123.8,15,2,56,19.6,0,0,1,2,0
19,75.9,244.5,11,1,32,4.4,0,1,1,4,0
25,125.0,157.6,5,3,15,1.2,0,0,0,5,0
31,136.4,167.2,10,1,4,21.4,0,0,1,4,0
24,75.6,158.0,13,2,36,5.8,1,0,1,2,0
41,138.3,186.6,10,2,29,56.3,0,0,1,5,0
53,86.0,111.4,8,3,13,3.1,1,0,1,1,0
52,134.1,27.5,14,5,2,19.1,0,1,0,4,0
42,82.4,111.5,6,3,55,12.7,1,0,1,2,0
63,88.7,156.5,10,1,57,3.4,1,0,1,4,0
47,95.2,76.4,15,2,18,12.7,1,1,1,3,0
22,174.0,112.1,11,0,36,6.3,1,1,1,3,0
58,108.8,88.9,10,1,19,10.5,1,1,1,2,0
48,65.2,187.6,13,3,30,10.6,1,1,1,3,0
51,112.1,153.7,10,3,8,6.4,1,0,1,5,0
47,74.9,149.3,9,3,69,8.5,0,1,1,5,0
47,71.3,148.0,7,1,52,5.9,0,0,0,3,0
22,110.4,118.3,12,1,65,2.3,0,1,1,5,0
47,85.9,128.9,9,2,22,12.0,1,1,0,5,0
60,92.8,66.7,10,1,63,26.1,1,0,1,4,0
34,85.4,21.6,10,1,38,6.2,1,0,0,3,0
49,94.4,126.8,4,2,15,34.5,1,1,0,1,1
19,96.9,134.6,7,1,24,39.1,0,1,1,3,1
36,30.8,174.4,8,3,59,8.0,1,0,0,2,0
41,103.7,190.7,9,1,56,9.5,0,1,0,1,1
70,57.5,190.6,7,2,52,8.1,0,0,1,5,0
29,44.6,75.1,9,2,17,4.5,1,0,0,2,1
32,83.4,104.1,8,2,47,9.5,0,0,0,4,1
39,87.4,141.6,10,2,68,8.7,1,0,1,5,0
70,65.6,233.9,6,3,4,11.8,1,0,0,3,1
63,108.3,186.6,13,2,24,12.3,1,1,1,4,0
19,47.4,170.4,6,1,6,4.2,0,0,0,4,0
30,73.6,102.5,10,2,8,16.7,0,1,0,3,0
61,68.6,80.3,12,3,72,9.4,0,1,0,5,0
21,83.7,155.5,14,3,18,4.9,0,0,0,5,0
63,92.8,70.5,10,2,13,9.3,0,1,0,2,0
32,56.8,109.3,14,2,6,12.6,0,1,1,5,1
66,105.3,114.8,5,1,71,29.2,1,0,1,1,1
33,86.8,191.7,13,2,34,26.3,1,0,0,1,0
41,32.0,104.0,11,1,57,7.5,1,0,1,3,0
53,30.2,10.2,13,1,19,9.9,0,0,0,4,0
24,84.7,142.7,4,2,47,5.8,1,0,1,3,0
47,78.8,88.5,7,4,64,14.0,0,0,1,4,1
44,82.1,121.9,9,1,49,7.8,0,1,1,2,1
59,84.2,116.1,5,2,38,9.6,0,1,1,5,0
70,91.3,107.7,7,1,16,21.9,1,1,1,5,0
53,111.5,155.6,12,3,17,4.2,1,1,1,1,0
39,53.9,51.0,6,3,43,26.3,0,0,0,3,0
39,52.2,96.7,14,1,33,15.0,1,0,0,2,0
40,54.4,150.8,6,4,4,25.5,1,1,0,4,1
61,93.1,92.4,13,2,15,18.4,0,0,1,3,0
35,119.9,47.6,6,0,32,20.6,1,0,1,2,0
26,72.9,150.1,14,2,13,11.4,0,1,0,2,1
35,25.0,170.5,11,3,40,4.8,0,0,1,2,0
19,37.3,118.0,13,1,22,7.1,1,0,1,1,0
23,61.7,31.8,10,4,21,6.1,0,0,0,1,0
22,69.4,151.8,8,1,8,1.8,1,0,1,4,0
58,73.6,45.3,13,0,37,21.9,0,0,0,5,0
56,86.1,133.9,6,2,14,10.5,1,0,1,3,1
54,76.3,80.1,10,1,46,5.7,1,1,1,5,0
42,114.4,67.8,4,1,68,38.1,1,1,1,1,1
56,66.1,100.1,15,5,66,48.7,1,0,0,5,1
26,60.9,111.8,13,1,49,3.8,1,0,0,3,0
65,98.4,91.0,10,3,59,9.5,0,0,0,4,0
44,42.0,146.5,10,2,67,9.0,0,0,1,1,0
67,95.9,99.9,14,2,50,5.3,1,0,0,4,0
26,87.9,164.1,14,1,19,21.5,0,0,0,2,0
44,80.9,132.7,12,2,37,1.8,0,0,0,5,0
54,129.5,88.6,9,2,62,32.1,1,0,0,4,0
44,67.6,81.0,11,1,49,11.7,0,0,0,5,0
41,142.7,45.9,4,3,27,36.1,0,1,0,5,0
26,78.7,133.1,11,0,13,11.1,1,0,1,4,0
38,49.2,104.0,9,4,11,9.0,1,0,0,2,1
30,87.0,13.3,11,0,28,22.6,1,0,1,2,0
33,54.9,95.9,12,0,58,36.0,0,1,0,5,0
54,64.0,79.5,8,1,40,32.3,0,0,1,4,1
51,96.1,190.9,6,1,5,2.6,1,0,1,5,0
50,100.6,43.4,11,3,67,27.1,0,0,1,4,0
37,67.6,55.1,13,2,30,8.7,1,1,0,4,0
68,112.6,169.9,13,2,29,10.2,0,1,1,1,0
22,117.4,181.1,9,5,59,8.6,0,0,0,5,0
36,125.2,86.5,10,2,28,7.1,0,0,0,2,0
24,99.8,91.6,4,0,45,9.6,0,0,1,2,0
35,123.2,147.7,10,3,67,5.2,0,0,1,1,0
68,32.3,15.3,15,3,38,27.2,1,0,0,1,1
37,76.1,36.2,16,2,45,18.2,1,0,0,2,0
66,60.7,107.4,10,1,26,13.3,0,0,1,5,0
44,88.3,189.7,4,1,65,8.6,1,1,0,5,0
55,69.0,100.4,13,2,6,7.5,0,0,1,3,0
42,80.3,124.5,6,3,20,15.4,0,0,0,2,1
32,137.7,171.0,7,3,72,13.6,1,1,0,2,0
58,80.2,214.8,14,0,35,23.7,1,1,1,5,0
69,96.6,94.0,14,2,13,7.5,1,0,1,1,0
31,78.5,119.2,8,1,30,7.0,0,1,0,1,0
59,87.1,202.0,12,1,19,17.7,0,0,1,1,0
31,85.2,51.5,10,4,38,20.3,1,1,1,5,0
55,97.6,166.2,5,1,17,46.4,1,0,1,1,1
59,117.6,74.2,11,1,29,2.5,1,1,0,5,0
41,131.1,124.6,9,3,66,28.1,1,0,1,1,0
57,93.7,109.1,5,1,6,12.6,0,0,1,3,0
32,101.5,76.9,6,1,55,7.9,1,0,0,5,0
22,52.8,75.8,8,3,6,15.5,1,0,0,1,1
23,82.5,132.4,10,3,33,15.2,0,0,1,2,0
41,111.3,164.8,15,1,49,8.1,0,1,1,4,0
65,109.2,114.2,6,1,69,2.7,1,0,1,5,0
24,90.9,123.2,11,2,19,28.2,0,1,1,5,0
42,109.8,145.7,13,2,4,6.5,1,0,1,1,0
55,98.7,76.3,11,2,55,5.8,1,0,1,4,0
28,118.6,153.3,9,3,65,7.0,0,0,1,2,1
56,93.1,156.9,13,0,41,19.6,0,0,0,3,0
34,75.0,237.2,12,0,5,8.8,1,1,1,5,0
60,94.4,103.1,8,3,37,7.1,0,1,1,5,0
48,25.0,99.4,9,3,29,14.8,1,0,0,1,0
46,95.7,154.6,6,1,33,13.4,0,0,1,3,0
27,25.0,156.9,6,1,4,7.3,1,0,0,2,0
42,36.7,95.9,13,2,23,2.7,0,0,1,4,0
63,97.6,101.9,10,1,72,19.3,0,0,0,5,0
19,98.4,144.4,6,2,4,13.6,1,0,1,2,0
58,52.5,82.8,7,2,66,1.9,0,0,1,1,0
44,65.1,101.5,9,2,38,30.8,0,1,0,1,0
56,123.4,124.0,6,3,43,1.8,0,0,1,1,0
53,71.4,164.8,9,2,68,6.1,1,0,1,2,0
40,147.8,92.8,11,1,16,6.4,1,0,1,5,0
34,84.9,37.1,7,3,71,7.3,0,0,1,2,0
51,96.4,33.8,8,2,20,7.2,0,1,1,3,1
25,130.3,63.3,8,2,26,4.1,0,1,1,4,0
48,88.7,60.9,15,5,33,12.7,1,1,1,4,0
23,56.9,113.0,10,1,44,21.5,0,1,0,2,0
52,81.9,66.5,10,3,24,12.6,1,0,0,1,0
51,84.0,88.4,12,4,58,14.1,0,0,1,1,0
22,46.8,85.2,8,2,2,9.0,1,0,0,2,1
58,77.8,100.2,11,4,48,12.2,1,1,1,1,1
40,64.2,179.5,13,2,48,14.8,0,1,1,3,0
59,110.9,149.8,9,3,39,18.2,1,0,0,4,0
20,86.0,120.7,19,2,45,6.7,0,0,0,4,0
27,77.1,99.3,6,0,54,6.1,1,0,1,5,0
44,82.0,100.5,8,0,66,1.2,0,1,0,2,0
27,91.2,134.7,11,4,16,36.6,0,0,0,4,0
35,102.3,146.3,19,2,35,35.2,0,0,1,5,0
53,57.0,79.2,11,2,41,10.8,0,0,0,1,0
25,55.8,121.6,8,2,25,11.2,1,0,0,4,0
53,115.9,28.6,5,2,71,29.4,1,0,0,1,0
23,73.5,129.5,10,2,37,4.2,0,0,0,3,1
27,45.3,154.3,5,0,43,5.6,0,1,1,5,0
49,97.4,107.4,9,2,15,30.6,1,0,0,3,0
60,98.0,201.7,10,6,30,8.9,0,1,1,3,0
27,42.1,80.3,13,3,46,4.9,0,0,0,4,0
33,91.4,129.8,9,2,31,15.4,1,0,0,3,0
67,105.6,118.4,10,2,56,6.8,0,0,0,4,0
70,95.5,115.5,9,0,10,27.3,0,0,1,5,0
48,102.7,114.9,7,1,12,12.2,0,0,1,1,0
41,45.7,124.8,8,2,25,7.0,0,0,0,3,0
36,94.3,158.2,10,1,23,7.3,1,0,1,5,0
50,76.5,182.0,6,1,59,14.9,1,0,1,2,1
49,71.5,119.9,8,4,63,9.7,1,1,1,3,0
33,109.4,156.7,8,2,34,8.8,0,0,0,4,0
19,126.4,88.4,7,4,37,18.7,1,0,1,5,1
26,135.2,154.5,9,0,22,29.7,1,0,0,2,1
68,121.8,85.7,10,2,39,17.0,1,0,1,5,0
40,81.9,169.1,12,0,51,6.3,1,1,0,4,0
43,94.9,219.5,10,1,53,4.7,1,0,1,1,0
42,106.5,114.5,8,2,70,18.0,1,1,1,5,0
59,88.4,21.3,10,1,42,17.0,1,1,1,2,0
21,88.7,95.3,5,3,25,8.3,1,0,1,2,0
22,108.1,175.4,14,3,6,9.9,0,0,0,3,1
32,83.3,144.9,9,1,50,6.6,1,1,0,3,0
43,64.6,131.2,10,1,58,4.8,1,1,0,3,0
53,73.4,165.4,7,3,40,7.1,0,0,0,1,1
44,102.7,141.8,8,0,67,0.9,0,0,0,5,0
41,85.1,174.8,12,4,23,24.1,0,0,0,2,1
67,94.5,161.4,12,1,4,3.6,1,1,0,1,0
26,103.8,188.5,12,2,46,11.0,0,1,1,3,0
48,74.5,136.1,12,1,9,1.5,0,0,1,4,0
46,106.2,160.7,7,1,7,16.6,0,0,0,1,0
43,95.6,106.2,13,1,51,20.0,0,1,0,5,0
60,50.4,92.9,11,0,32,11.7,1,1,0,4,0
32,125.4,196.8,14,2,44,10.5,0,0,1,5,0
68,71.0,129.7,9,3,54,6.6,0,0,0,4,0
35,38.7,156.2,7,4,28,23.7,0,0,1,1,0
46,55.7,125.6,4,1,44,2.9,1,0,1,2,0
45,56.4,93.6,13,2,39,7.9,1,0,0,5,0
63,86.5,120.5,15,2,42,6.0,0,0,0,3,0
41,77.3,184.6,14,2,51,5.8,0,1,1,1,0
33,75.6,145.0,10,2,28,23.3,1,0,1,1,1
19,102.4,43.0,7,5,37,10.0,1,0,0,3,0
37,94.5,110.3,7,2,43,6.6,1,0,1,3,0
61,93.8,200.2,9,1,11,13.9,0,0,1,2,0
18,96.5,110.4,11,0,16,13.1,1,0,0,1,0
65,102.3,39.0,8,2,7,19.8,1,0,0,4,1
46,26.0,205.2,7,0,15,15.0,0,0,1,3,0
25,74.8,150.7,8,2,32,10.4,1,0,1,1,0
34,25.0,116.8,10,2,68,10.9,1,1,0,1,0
47,86.0,103.3,8,1,67,14.5,1,1,1,2,0
34,84.9,168.7,10,2,55,5.3,1,0,1,3,1
23,114.3,95.6,10,3,41,12.9,0,0,1,2,0
53,118.3,171.7,16,2,15,29.3,0,0,1,1,1
53,90.7,144.4,15,3,26,11.7,0,1,0,5,0
24,71.0,131.0,11,2,56,8.5,1,1,1,4,0
32,98.6,126.5,8,0,66,8.4,0,0,0,3,0
30,70.2,112.1,8,0,70,14.1,0,0,1,2,0
52,85.0,167.1,9,2,28,12.4,1,0,0,4,0
56,112.6,81.1,8,0,36,17.1,0,0,1,5,0
56,69.4,47.0,3,3,37,6.9,1,0,0,4,0
67,107.6,147.6,12,3,5,9.6,0,0,0,2,0
58,104.0,148.4,7,2,9,19.0,0,1,1,2,1
34,58.3,141.6,7,2,4,20.0,0,0,1,5,1
23,112.3,138.3,10,3,54,20.1,0,0,0,1,0
50,104.6,105.6,13,1,17,17.7,0,0,0,2,0
66,87.9,155.4,6,1,51,18.1,0,1,0,1,0
69,63.7,117.9,5,2,28,12.9,1,0,1,4,0
30,60.9,98.1,6,2,58,3.5,0,0,1,3,0
30,69.9,106.0,15,1,9,3.8,0,1,1,1,0
19,100.2,210.9,5,2,24,11.5,0,0,0,5,0
25,58.2,41.9,9,2,15,11.9,0,0,1,3,0
47,97.3,142.5,8,2,32,5.7,0,0,1,2,0
46,50.2,44.4,8,1,41,6.0,0,0,0,5,0
37,79.3,115.1,8,1,13,10.3,1,1,1,4,0
34,88.1,100.5,8,2,49,40.1,1,0,0,1,0
61,153.5,26.2,6,3,70,4.9,1,0,1,5,0
42,46.4,137.5,6,3,4,8.2,1,0,0,1,1
60,126.2,102.9,8,1,7,19.8,0,1,1,5,0
69,89.2,25.5,9,2,69,17.5,0,1,0,2,0
34,96.5,157.8,12,0,47,13.6,0,0,1,2,0
28,88.3,184.6,7,5,67,2.2,1,0,1,1,0
68,97.5,187.1,14,3,51,9.2,0,0,1,5,0
51,80.7,136.2,12,0,52,33.4,0,1,0,3,0
33,125.7,122.1,10,2,12,5.9,1,0,1,4,0
50,72.2,179.8,9,2,37,5.7,0,0,1,5,0
45,116.7,195.7,9,0,27,28.4,0,0,0,3,0
65,67.0,171.0,8,0,61,10.3,1,1,1,2,0
31,83.3,77.6,9,2,4,2.3,0,0,1,4,0
70,55.0,129.1,8,1,2,4.4,0,0,1,3,0
67,97.7,139.8,7,0,41,7.0,0,1,1,2,0
27,125.5,38.6,15,1,70,13.2,0,0,1,5,0
26,82.8,141.1,7,1,72,9.5,1,0,1,5,0
46,79.5,222.3,11,2,43,5.5,1,0,1,2,0
20,53.8,148.8,6,0,31,9.6,0,0,1,4,0
33,78.6,186.3,10,0,20,5.9,0,0,0,5,0
41,40.4,128.2,11,2,72,34.6,0,0,0,4,0
69,59.4,116.7,8,2,14,4.2,1,0,1,1,0
70,91.4,137.2,7,0,10,7.8,0,0,1,5,0
26,121.9,83.3,9,1,37,6.9,0,1,0,1,0
65,163.7,76.6,15,1,29,7.0,1,0,1,4,0
22,68.6,177.0,12,4,36,4.6,1,1,0,3,0
57,125.2,181.8,3,3,65,27.0,1,0,1,1,0
62,91.8,75.4,11,1,20,42.0,1,0,1,4,0
65,80.8,163.6,7,2,64,14.3,0,0,1,2,0
29,97.1,116.1,8,2,16,13.4,1,0,0,5,0
65,86.7,135.3,5,3,24,2.8,1,0,1,5,0
24,88.1,140.7,10,1,1,26.6,0,0,1,3,0
45,73.6,164.7,10,2,49,5.9,0,1,1,4,0
42,45.9,123.7,16,5,62,2.5,0,1,0,1,0
34,41.8,183.5,10,2,64,16.1,1,0,1,5,0
19,103.3,133.9,8,1,13,22.1,1,1,0,4,0
58,77.3,148.1,11,1,56,26.4,1,0,1,2,1
35,68.3,82.5,12,1,11,7.8,0,0,1,1,0
53,85.2,217.1,9,0,46,7.2,1,0,1,3,0
39,107.3,141.1,9,2,51,12.7,0,1,0,5,0
37,90.1,152.1,4,4,11,9.5,0,1,1,5,0
64,66.6,47.6,5,0,8,16.3,1,1,1,1,0
23,119.3,83.0,11,4,6,12.8,1,1,0,4,0
57,129.2,175.7,14,3,52,5.5,1,0,1,1,1
57,98.8,132.9,12,1,45,27.0,0,1,1,2,0
38,112.3,33.9,12,3,9,16.4,0,1,1,3,0
31,119.8,166.7,17,2,37,21.8,0,1,0,1,1
18,116.6,95.5,7,4,58,5.6,0,0,1,1,0
67,102.2,183.5,10,2,18,16.1,1,1,0,5,0
68,101.8,116.0,13,1,44,19.1,0,0,0,4,0
30,99.6,129.2,7,1,22,12.4,0,1,1,4,0
19,54.3,173.1,10,1,19,4.6,0,1,1,3,0
24,104.6,79.6,12,2,29,11.6,1,1,0,3,0
21,47.0,75.3,11,0,26,17.9,1,0,0,1,1
62,62.8,111.2,11,8,36,22.8,0,0,0,3,0
65,121.5,157.2,12,5,15,3.0,0,1,1,4,0
26,108.5,60.1,16,6,29,12.3,1,1,0,2,0
57,126.6,44.9,10,1,45,3.7,1,1,0,3,0
27,77.4,157.1,10,1,28,18.1,0,1,0,3,0
37,52.7,92.9,8,2,48,21.3,0,0,1,5,0
49,78.3,102.3,12,2,9,5.1,1,1,0,1,0
56,87.9,36.4,9,1,10,4.4,1,0,0,1,0
64,87.2,89.4,9,0,63,6.9,0,0,0,2,0
20,116.7,119.7,15,0,34,9.8,0,0,0,1,0
28,74.9,161.9,8,4,44,6.2,0,0,0,5,0
32,94.9,85.3,12,3,54,19.2,0,0,1,2,1
34,57.3,194.6,13,0,11,22.9,0,1,1,2,0
70,97.6,89.2,9,2,71,11.9,0,0,1,2,0
59,85.1,89.3,9,3,31,6.4,0,1,0,5,0
34,64.0,189.2,8,1,65,9.5,0,0,1,4,0
69,78.4,129.5,11,2,31,11.9,0,1,0,3,0
44,79.8,95.2,13,1,30,9.2,0,0,0,4,0
44,77.4,113.0,6,1,44,10.4,1,1,0,1,0
40,134.6,180.9,17,3,14,21.7,0,0,0,4,0
25,82.2,186.0,11,1,44,6.0,1,0,0,2,1
67,78.2,83.2,8,3,71,36.4,1,0,1,2,0
18,26.3,118.1,14,4,47,12.2,1,0,1,1,0
27,60.0,124.1,13,1,6,8.8,0,0,1,1,1
30,77.6,75.6,5,0,51,5.9,0,0,0,4,0
32,65.8,117.5,7,2,3,6.3,1,0,1,5,0
24,123.7,120.2,11,3,8,11.1,0,1,1,5,0
18,80.4,171.3,7,1,21,12.1,0,0,0,2,1
53,121.1,174.3,11,1,22,8.6,0,0,1,4,0
69,86.7,105.2,10,1,1,3.7,1,0,0,1,0
24,86.0,110.4,12,2,2,11.1,1,0,1,4,0
33,82.5,149.9,9,2,57,6.4,0,0,0,3,0
44,85.1,93.7,11,2,33,2.3,1,1,1,5,0
67,133.1,146.5,8,1,15,16.7,1,0,0,1,1
54,25.0,116.0,14,2,31,2.7,0,0,0,4,0
58,29.0,76.4,12,1,50,8.3,0,0,1,3,0
48,69.8,76.9,8,1,53,10.2,0,0,1,3,0
40,85.4,185.1,8,4,21,24.9,1,1,0,3,0
28,104.3,113.0,10,1,13,2.5,1,0,1,4,0
63,98.2,193.8,10,3,70,18.0,1,1,0,3,0
60,74.2,96.9,13,2,46,19.8,1,0,1,3,0
19,113.5,133.1,8,0,71,29.8,0,0,0,3,1
55,113.8,227.7,14,3,23,22.3,1,0,1,1,0
22,90.2,72.4,6,0,9,10.4,1,1,0,4,0
57,112.0,34.6,7,2,28,18.5,1,0,0,4,1
61,92.6,177.9,10,0,24,25.7,0,0,1,3,0
24,69.3,82.8,16,0,52,1.9,0,1,1,4,0
40,104.5,119.1,13,3,52,3.6,0,0,0,2,0
24,88.1,93.6,9,2,6,13.0,0,0,0,2,1
48,85.0,132.1,6,1,43,19.7,1,0,0,5,0
67,126.2,77.2,14,2,25,16.3,1,0,0,5,0
22,25.0,111.9,8,2,45,13.8,1,1,0,5,0
39,45.3,140.2,10,0,29,29.5,0,0,0,1,0
69,51.8,74.6,8,1,39,8.6,0,0,0,3,0
33,74.8,88.5,11,2,52,6.2,0,0,1,4,0
25,77.9,104.4,7,1,22,7.4,1,1,1,1,0
43,42.8,55.7,6,1,15,13.2,1,0,0,5,1
44,57.4,101.0,12,3,51,10.1,0,0,0,4,0
53,60.9,125.3,7,1,69,20.4,1,1,1,2,0
34,153.8,102.0,13,1,32,6.5,1,0,1,3,0
68,135.4,107.8,13,0,72,14.4,0,1,0,5,0
45,73.5,119.1,12,4,14,18.5,0,1,0,5,1
33,74.8,90.5,12,4,59,25.6,0,0,1,5,0
68,52.8,151.1,7,1,72,4.2,0,1,0,5,0
67,31.6,184.6,12,2,22,7.3,1,1,1,4,0
44,81.7,99.1,6,0,11,9.6,0,0,1,5,0
19,57.1,141.8,7,1,48,3.2,1,0,0,5,0
49,82.6,109.2,8,6,63,13.7,1,1,1,1,1
47,40.2,136.4,11,1,6,13.6,0,0,0,4,1
25,63.7,190.5,4,0,47,12.8,1,0,1,2,0
51,89.2,142.9,14,1,63,9.2,0,0,0,3,1
62,95.3,40.2,9,2,3,23.9,1,1,1,1,0
23,96.7,140.4,7,3,38,7.4,0,1,0,4,0
56,48.0,175.5,7,4,6,22.4,1,1,0,5,0
25,108.9,110.0,6,4,13,7.3,0,0,1,3,1
57,62.6,164.8,8,4,36,4.1,0,1,0,4,0
40,102.7,88.9,5,0,24,10.5,0,0,1,2,1
18,84.7,53.2,9,2,7,11.9,1,0,1,4,0
69,46.5,126.4,7,2,58,14.5,1,1,0,1,0
26,76.1,41.0,10,3,15,1.3,1,0,0,5,0
49,95.2,109.2,11,0,63,8.5,0,0,0,2,0
27,102.2,177.9,6,0,13,34.8,1,0,0,3,1
67,81.1,34.1,9,2,38,6.9,1,0,1,5,0
57,127.9,62.4,11,0,53,19.9,0,1,1,1,0
60,113.2,73.6,9,1,35,57.2,0,0,1,5,0
40,77.8,117.2,10,2,31,38.8,0,1,1,4,1
42,106.0,103.5,12,7,55,4.7,1,0,0,5,0
51,139.1,183.0,8,5,1,18.8,0,0,1,3,1
59,139.9,162.9,10,2,60,19.6,0,1,0,2,0
62,50.6,142.3,9,2,50,16.8,1,0,1,3,0
18,59.1,126.6,11,2,56,4.1,1,1,1,3,0
53,126.6,137.7,11,1,31,12.7,0,1,0,5,1
23,55.4,81.2,8,2,28,12.6,1,0,1,3,0
33,48.0,158.6,0,1,42,3.6,0,0,0,3,0
61,71.4,70.0,14,1,47,8.8,1,0,0,1,0
31,96.8,157.6,10,1,67,13.1,0,1,0,2,0
60,82.1,173.4,7,0,62,10.3,0,0,0,3,0
42,66.8,129.5,13,2,4,17.7,1,1,0,2,0
30,66.1,112.1,6,2,11,8.7,0,1,1,2,0
35,65.1,138.0,9,0,69,11.8,1,0,0,1,0
46,60.4,10.0,14,1,28,20.7,0,1,1,5,0
58,148.9,133.6,9,2,42,32.2,0,0,1,5,0
50,93.3,114.9,6,3,5,4.0,1,0,0,2,1
67,109.8,117.7,8,4,8,17.2,0,0,0,1,0
63,71.3,151.8,10,2,30,7.6,1,1,0,5,0
57,79.8,116.6,3,3,52,14.6,1,0,0,5,1
49,65.0,68.7,6,2,56,3.7,0,1,0,5,0
33,25.0,113.6,10,5,65,24.2,0,0,0,3,0
39,46.4,123.0,9,3,15,5.9,0,0,1,4,0
24,34.3,125.2,10,2,15,21.0,0,1,1,4,0
37,25.0,127.3,8,0,40,4.2,0,1,1,2,0
67,51.5,166.8,7,3,40,3.1,0,0,0,3,0
40,122.1,71.1,6,3,3,9.4,1,0,1,2,0
24,83.8,127.9,12,0,33,12.8,0,0,1,4,0
52,121.1,178.0,11,2,65,41.1,1,0,1,5,0
69,96.5,41.9,9,1,12,12.6,0,1,0,1,0
63,106.9,128.1,8,2,60,4.7,0,0,1,1,0
32,59.8,93.7,13,1,33,18.8,0,0,1,2,0
42,99.7,103.3,10,1,38,26.8,0,1,1,1,0
46,105.4,79.3,11,4,47,5.6,1,0,1,1,0
31,68.9,112.4,14,0,51,20.5,0,1,1,5,0
32,100.7,202.9,8,1,46,24.7,1,0,0,3,1
30,100.9,63.1,11,3,8,19.1,1,0,1,4,1
70,69.6,67.4,9,2,22,6.6,0,0,1,3,1
57,53.6,61.4,8,0,61,12.9,1,0,0,4,0
62,51.8,197.7,14,0,3,14.6,1,1,0,4,1
61,87.4,99.2,11,1,52,23.7,0,0,1,1,0
68,94.2,118.8,16,1,38,7.0,1,0,1,1,0
23,62.8,101.9,16,0,9,20.8,0,0,0,3,0
64,85.7,77.5,13,5,9,10.0,1,0,0,2,1
21,101.0,109.4,10,1,71,8.5,0,0,1,5,0
43,102.3,230.6,8,5,3,11.5,1,0,0,2,1
49,128.5,182.6,10,3,2,1.1,1,0,1,2,1
36,120.8,81.6,6,1,2,1.5,1,1,1,3,0
25,57.0,149.1,10,1,46,2.1,1,0,1,1,1
28,132.1,82.6,10,1,67,15.1,0,1,0,5,0
61,70.1,40.1,11,1,13,9.2,1,0,1,1,1
34,114.3,165.9,16,0,58,6.6,0,1,1,5,0
34,86.9,172.2,10,2,52,10.8,0,0,1,4,0
66,73.5,167.1,8,0,17,21.1,0,0,1,5,0
25,34.4,98.9,5,3,6,10.4,1,0,1,2,1
66,80.2,112.5,7,3,36,4.6,1,0,1,5,0
66,41.3,153.7,11,0,6,45.3,0,0,0,5,1
49,112.1,137.6,16,0,9,11.2,1,0,1,3,1
26,127.5,102.3,9,4,34,24.8,1,1,1,2,0
26,62.7,47.1,12,2,59,19.2,0,0,0,1,0
33,93.5,125.1,12,1,72,8.0,0,1,1,1,0
48,64.7,168.6,8,5,46,31.9,1,0,1,3,0
26,67.4,66.1,11,3,20,7.1,1,0,0,5,0
42,106.7,148.7,3,1,24,14.9,0,0,0,3,0
24,83.9,134.9,3,3,45,13.6,0,0,1,5,0
46,133.7,153.8,10,1,13,14.5,0,1,1,4,0
19,71.5,159.2,9,1,38,28.5,0,0,1,4,0
55,113.0,88.7,12,2,56,11.4,0,1,1,4,0
20,87.7,47.2,14,2,61,13.0,0,0,0,5,0
28,107.3,96.0,10,3,5,13.4,0,0,0,5,0
27,72.5,160.0,11,1,21,40.0,1,0,1,1,0
62,83.6,95.6,12,2,19,23.6,0,1,1,3,0
20,81.8,88.8,8,1,40,2.9,0,0,1,3,0
40,61.6,38.0,10,2,14,7.3,0,1,1,5,1
49,103.5,198.9,6,5,69,12.0,1,0,1,2,0
45,103.2,157.2,10,4,67,28.1,0,0,1,5,0
54,101.6,154.6,16,1,24,29.9,0,1,0,3,0
60,128.0,163.5,4,4,30,10.9,0,0,0,5,0
38,125.6,146.0,15,1,32,7.1,1,1,0,4,0
61,74.5,109.0,9,0,4,9.8,0,0,0,2,1
34,95.4,112.6,6,3,64,12.3,0,1,0,5,0
70,67.5,100.8,11,3,57,9.3,1,0,0,1,0
44,85.7,238.6,5,0,24,25.2,1,1,1,1,0
57,68.2,145.0,9,1,40,8.7,0,0,1,3,0
64,130.4,99.1,7,2,28,5.7,0,1,1,2,0
60,95.2,140.9,15,2,17,9.7,1,0,0,1,0
63,78.9,74.5,9,1,22,14.0,1,1,0,5,0
46,118.4,187.7,11,3,8,25.5,1,1,1,1,0
20,25.0,90.3,5,1,59,5.3,1,1,0,3,0
44,28.6,142.5,11,1,48,14.1,1,0,0,2,0
27,107.3,168.0,8,1,67,14.4,1,0,0,2,0
65,86.7,137.3,8,4,1,16.3,0,1,1,2,1
30,92.0,124.3,11,2,46,8.7,1,0,1,2,0
30,47.9,120.5,7,3,41,16.1,1,0,1,4,0
31,84.3,117.5,13,0,45,18.9,1,0,1,2,0
52,141.1,94.0,4,0,72,8.6,0,0,0,4,0
48,108.1,99.8,14,2,29,13.0,0,0,1,3,0
68,89.8,186.6,9,2,11,10.1,1,1,1,4,0
40,72.7,115.1,7,3,1,6.3,1,0,1,3,0
32,74.0,84.6,11,1,36,3.8,0,0,0,2,0
20,25.4,96.8,14,0,13,7.1,1,1,1,3,0
18,92.2,169.5,3,2,11,7.5,0,0,0,4,0
37,108.7,150.4,14,3,11,3.8,0,1,1,3,0
67,40.9,145.2,13,0,20,15.4,1,0,0,5,0
45,66.5,108.4,12,2,9,19.8,1,0,1,3,1
65,52.6,145.8,9,2,35,9.9,0,0,1,2,0
23,58.0,91.0,10,3,48,11.0,0,0,0,1,0
22,86.5,108.3,11,1,21,7.9,0,1,0,2,0
62,26.6,163.6,9,3,10,10.6,1,0,0,1,1
23,102.2,159.3,7,5,42,16.2,1,0,0,1,1
20,106.1,75.8,5,3,7,14.1,1,0,1,2,0
39,78.0,81.5,11,2,54,10.5,1,0,0,2,0
67,25.0,124.9,8,1,28,7.5,0,1,1,5,0
54,57.1,197.7,8,3,30,18.7,0,0,0,4,0
23,119.5,33.8,8,3,18,8.1,1,0,0,4,0
62,25.0,132.5,7,0,21,4.0,0,0,0,3,0
62,75.3,58.1,11,3,11,12.4,0,1,0,1,0
60,52.0,91.5,9,5,41,2.4,0,0,0,5,0
65,107.5,103.6,15,3,11,13.7,1,0,1,3,0
30,66.1,101.1,8,3,49,14.4,0,1,1,3,0
69,96.3,96.0,11,2,19,7.0,0,0,0,4,0
34,100.8,120.3,2,1,41,7.8,1,1,0,1,0
60,136.4,95.9,6,4,39,20.5,0,0,1,3,0
48,79.3,54.2,15,2,46,37.6,0,1,0,4,0
59,95.5,155.1,8,0,55,11.4,1,0,1,4,0
51,43.4,153.9,12,1,41,7.1,1,0,0,3,0
52,118.3,157.9,6,2,62,14.5,0,0,0,5,0
50,63.7,50.7,8,3,19,10.2,0,0,1,5,0
59,69.3,133.5,11,1,55,13.9,0,0,1,1,0
57,84.4,150.4,12,3,25,12.5,0,0,0,1,1
25,41.2,73.6,16,2,46,12.7,1,0,1,3,0
61,91.4,120.4,9,3,36,1.7,1,1,0,5,0
46,112.1,114.8,13,2,66,7.8,0,0,1,3,0
35,93.2,202.9,4,1,20,7.2,1,1,1,2,0
45,40.5,206.6,17,2,38,7.2,0,0,1,3,1
69,81.5,45.1,8,3,12,17.0,0,0,0,5,0
63,105.8,232.2,11,1,46,4.4,1,1,0,1,0
62,32.4,78.8,12,3,3,1.7,0,1,0,3,0
42,54.9,164.1,12,1,30,7.0,0,1,0,4,0
59,109.5,163.7,13,2,1,6.0,1,0,0,2,0
38,92.6,75.2,7,2,24,11.5,0,0,1,1,0
54,96.5,142.2,13,1,35,5.9,0,1,1,4,0
51,137.1,115.2,7,0,24,9.2,0,0,0,4,0
31,98.1,144.9,16,0,28,8.2,0,0,1,4,0
32,103.4,130.4,10,3,11,24.7,0,0,0,4,0
21,160.9,173.8,9,3,52,6.0,0,1,0,4,0
25,79.0,123.4,8,3,58,16.3,0,1,0,2,0
40,62.7,112.4,7,4,33,10.5,0,1,0,1,1
43,97.0,169.3,6,3,4,20.8,1,1,0,5,0
26,97.3,146.1,12,0,5,29.6,1,0,0,2,0
40,70.3,152.9,6,0,49,10.3,1,0,0,5,1
50,56.1,90.1,13,0,67,2.5,1,0,1,3,0
30,149.7,73.0,13,2,63,4.4,1,0,1,3,0
35,94.2,94.5,7,2,30,3.5,0,0,1,1,0
37,64.5,92.1,10,3,36,7.8,0,1,0,5,0
44,110.6,155.4,18,1,12,6.9,0,0,0,3,0
37,81.9,163.9,8,2,6,12.9,0,0,0,5,0
57,77.9,113.0,10,1,56,19.7,1,0,1,4,0
35,100.7,184.4,11,3,31,2.3,0,0,0,1,0
40,48.8,181.6,9,0,36,11.0,1,0,1,5,0
38,94.9,131.0,9,2,25,6.2,0,0,0,3,0
27,138.6,83.0,6,1,23,11.3,0,0,1,1,0
54,98.1,190.9,8,2,71,7.8,0,0,0,3,0
30,74.5,117.3,8,2,59,17.6,0,1,0,4,0
33,70.8,125.7,9,4,50,4.6,0,1,1,4,0
60,73.5,104.7,11,2,29,6.5,1,1,1,2,0
68,77.9,80.0,10,0,52,9.8,0,0,1,5,0
53,74.4,53.9,11,4,25,8.5,1,0,1,2,0
66,110.7,148.5,4,2,38,9.8,1,0,1,3,0
63,36.5,84.7,5,1,11,2.8,0,1,1,5,0
43,109.1,257.7,12,1,52,26.8,1,0,1,1,0
58,74.4,71.1,6,1,5,7.4,0,0,1,3,0
35,95.6,63.4,5,0,53,4.9,0,1,0,3,0
42,53.4,143.0,7,0,44,10.0,0,1,1,4,0
46,122.2,188.8,6,2,5,11.1,1,0,1,4,0
68,119.9,122.9,9,2,37,34.3,0,1,0,4,0
62,111.9,145.8,9,0,17,21.8,1,0,1,2,1
43,42.6,37.0,6,3,35,8.3,1,0,0,3,1
52,108.2,89.5,12,1,1,30.5,0,0,0,1,0
28,96.3,71.7,12,1,52,26.8,1,1,0,5,0
60,40.1,34.7,8,3,37,5.0,1,0,1,2,1
47,84.3,125.3,8,1,27,39.4,0,1,1,3,0
46,95.2,19.1,7,1,64,7.5,0,0,0,4,0
58,100.6,60.5,10,0,47,12.0,0,0,0,4,0
51,90.0,95.8,9,1,44,24.2,0,1,1,1,0
21,93.2,82.6,9,2,11,2.3,1,1,0,4,0
33,126.3,137.8,11,2,37,9.8,0,1,0,2,0
27,119.3,133.8,10,1,51,13.4,0,1,0,3,0
56,25.0,160.2,8,1,67,21.3,1,1,1,1,1
19,76.1,153.9,7,3,44,10.7,1,0,1,4,0
28,80.4,171.3,11,1,13,2.3,1,1,1,3,0
49,35.9,119.9,7,3,49,34.1,0,0,1,1,0
54,87.6,133.7,12,2,6,11.0,1,0,0,1,0
44,120.0,143.0,15,4,23,13.7,0,0,1,4,0
63,54.6,126.4,13,3,67,3.1,1,0,1,1,0
66,94.4,102.1,14,0,58,26.0,0,0,1,3,0
25,59.4,105.0,8,1,66,7.6,0,0,0,4,0
68,66.2,83.2,13,0,26,6.2,1,0,0,5,0
50,126.4,139.0,11,2,50,22.4,1,1,0,1,0
51,69.8,115.8,10,5,51,3.4,1,1,0,2,0
23,97.9,90.2,11,5,18,13.9,0,0,0,1,0
50,32.6,90.2,11,2,68,6.0,1,1,1,5,0
56,137.1,65.5,9,3,70,15.0,0,0,1,3,0
48,101.9,164.0,4,1,8,17.8,0,0,0,5,1
22,79.9,123.5,6,1,56,7.4,0,1,0,1,0
45,101.1,81.2,14,3,33,25.1,0,0,1,4,0
67,45.5,156.4,8,1,49,11.0,0,1,0,1,0
56,118.1,94.8,9,2,40,34.5,1,0,1,1,0
25,75.9,56.7,7,4,17,22.6,0,0,0,3,1
68,79.3,166.0,6,2,7,11.9,1,0,0,2,0
68,71.2,95.8,14,3,37,11.9,1,1,1,2,0
26,68.7,101.6,14,5,61,3.8,0,0,0,1,0
60,104.5,121.9,9,4,60,22.4,1,0,0,3,1
39,92.2,171.4,12,3,20,6.8,0,0,0,2,1
49,103.2,120.9,17,1,62,12.8,1,0,0,5,0
41,84.8,66.0,8,2,26,34.3,0,0,1,4,1
59,99.4,144.5,11,0,41,24.8,0,1,1,3,0
70,73.3,98.2,13,2,24,5.2,0,0,1,4,0
60,147.4,205.0,9,0,38,11.1,1,0,1,3,0
67,41.1,119.9,10,1,39,13.8,0,0,1,3,0
68,120.3,19.4,15,1,51,26.7,1,0,1,5,0
22,123.3,136.1,10,2,34,24.2,0,1,1,3,0
31,61.1,207.5,11,1,39,16.2,1,1,0,3,0
56,147.4,190.9,12,1,47,15.2,0,0,1,3,0
49,112.9,202.4,12,0,31,10.9,0,0,1,4,0
20,112.2,74.1,11,2,38,13.5,0,0,0,4,0
23,85.8,161.0,7,0,7,9.1,0,1,0,3,0
45,78.9,87.5,4,5,63,18.9,1,1,0,1,0
50,79.1,130.1,8,2,10,15.8,1,1,1,4,0
26,95.9,62.7,11,1,63,21.8,0,0,0,3,0
27,124.2,91.0,11,0,55,21.4,0,0,1,5,0
24,90.1,89.6,13,1,69,6.8,0,1,0,5,0
47,59.5,160.4,8,3,2,1.3,1,0,0,1,0
18,108.1,156.0,6,2,16,6.4,1,1,1,5,0
48,110.8,132.5,4,1,4,13.4,1,1,0,5,1
43,103.3,59.2,12,2,31,9.2,1,1,0,5,0
42,105.9,106.0,12,2,66,8.9,0,0,1,3,0
54,77.4,86.4,11,1,56,6.1,0,0,1,2,0
45,59.0,159.1,9,1,51,14.7,1,1,0,4,0
56,60.7,173.0,7,2,62,2.4,0,0,1,5,0
58,39.2,167.5,5,4,1,16.2,0,1,1,3,0
66,91.6,86.0,7,2,57,16.4,0,0,1,5,0
60,82.7,10.0,9,3,23,21.5,1,1,0,2,0
45,72.7,40.5,9,3,50,60.0,1,1,1,5,0
44,25.0,184.0,13,0,55,1.1,1,0,0,1,0
30,50.1,101.9,12,2,50,15.9,0,0,0,5,0
49,116.4,86.2,6,2,31,18.0,0,0,1,5,0
25,66.4,193.9,12,1,45,6.4,0,1,1,4,0
67,95.1,176.9,14,2,34,9.6,1,0,0,4,0
62,46.1,121.1,10,3,46,7.7,0,0,1,3,0
24,125.3,106.8,15,1,34,16.6,1,1,1,5,1
59,81.0,114.1,11,0,29,23.1,0,1,1,1,0
24,93.1,130.2,9,3,15,4.2,1,1,0,2,0
56,150.1,192.0,9,2,28,14.9,1,0,0,1,1
22,127.5,139.0,11,2,52,26.2,0,1,1,2,1
43,76.4,152.7,7,1,63,6.8,1,1,1,3,0
52,68.4,172.6,15,2,8,0.8,0,0,1,2,0
56,75.9,67.4,5,0,14,5.5,1,1,0,3,0
40,99.3,154.0,8,0,37,5.0,1,0,1,2,0
66,82.1,106.7,5,1,51,5.8,1,1,0,2,0
59,73.9,10.0,13,0,13,33.9,0,1,0,3,0
29,126.1,24.2,9,1,24,38.9,1,0,1,2,1
53,81.8,74.2,14,1,4,28.4,1,0,0,5,0
56,149.4,143.9,11,3,4,9.0,1,0,0,5,0
35,87.5,125.1,12,2,11,29.1,1,0,0,5,0
57,135.0,128.3,7,2,53,1.3,0,1,1,1,0
65,95.0,207.8,4,2,63,4.8,0,1,0,3,1
61,112.0,62.9,14,2,36,19.2,0,0,1,4,0
58,64.7,118.8,8,0,13,7.3,0,0,0,2,0
51,61.1,133.7,14,4,67,4.3,0,1,1,2,0
32,97.9,86.9,15,2,21,14.5,1,0,1,4,0
60,112.7,121.3,17,3,12,14.8,0,0,0,1,0
37,86.1,48.0,9,2,10,15.8,0,0,1,4,1
46,49.0,183.4,11,2,26,17.0,1,0,1,3,0
34,46.9,89.3,4,1,53,14.0,1,0,0,4,0
34,45.0,211.4,19,3,29,10.3,1,1,1,4,0
26,35.5,118.5,9,1,33,11.7,0,0,0,3,0
68,88.1,166.3,13,1,25,19.4,1,0,0,3,1
25,116.5,117.6,11,2,68,13.7,0,1,1,1,0
22,84.6,118.6,10,0,50,7.9,0,1,0,5,0
67,25.0,93.7,3,2,48,6.3,1,0,0,1,0
47,79.7,125.4,15,0,32,11.7,0,1,0,5,0
41,80.4,134.3,16,0,39,26.1,1,1,1,5,0
57,143.7,84.7,9,0,64,17.2,0,1,0,4,0
38,44.2,114.4,11,3,48,27.0,0,0,0,4,0
24,74.1,92.5,12,0,59,8.9,0,0,1,1,0
56,132.8,223.5,14,1,3,13.0,0,0,0,5,0
27,97.6,116.0,10,1,62,14.4,0,1,1,3,0
47,100.8,189.5,10,1,69,20.0,0,1,1,2,0
68,88.2,111.2,14,1,49,8.9,0,0,1,4,0
67,94.2,131.7,10,1,69,17.2,1,0,0,3,0
37,106.8,60.5,12,2,41,25.2,0,0,1,2,0
59,62.3,99.9,11,1,20,10.7,1,0,1,2,0
50,109.6,129.5,15,2,44,5.7,1,1,1,1,0
43,46.6,191.4,9,1,46,25.7,0,0,1,5,0
25,94.2,130.0,11,0,11,18.2,0,1,0,4,1
37,90.0,182.3,11,2,15,3.4,1,0,1,2,0
52,67.7,148.8,12,3,21,10.9,1,1,1,4,1
70,84.4,193.2,14,3,40,35.2,0,1,0,4,0
18,67.6,117.3,13,5,11,16.3,1,0,1,1,0
56,55.0,227.6,12,2,56,11.7,0,1,1,1,0
62,75.1,98.2,13,3,8,5.1,0,1,0,2,0
68,54.1,85.5,7,2,68,5.1,0,1,0,1,0
40,94.0,65.5,9,1,49,19.1,0,0,1,5,0
24,52.8,224.9,6,2,25,5.5,0,0,0,1,0
32,104.9,156.9,6,1,27,14.4,0,0,0,5,0
63,51.9,105.0,7,2,50,10.7,0,1,0,3,0
64,69.1,176.2,13,2,7,13.8,1,0,1,1,0
51,67.5,150.9,8,1,52,10.1,0,1,0,5,0
24,122.1,208.5,11,0,40,15.8,1,0,0,1,0
24,94.2,50.3,10,2,16,21.4,1,1,0,5,0
43,79.1,108.1,7,2,65,10.2,0,0,0,1,0
49,99.0,99.2,8,2,46,20.2,0,0,0,4,1
19,26.0,31.2,11,2,12,27.8,0,0,0,2,0
54,83.8,167.7,7,2,48,14.4,1,0,1,3,0
46,140.9,107.8,14,2,30,18.8,0,1,1,5,0
18,88.7,153.3,7,2,56,4.3,0,0,0,4,1
23,86.9,226.2,13,2,36,10.3,1,0,1,2,0
42,100.3,104.1,10,1,72,3.1,0,1,0,1,0
56,110.1,101.0,7,4,67,7.8,0,0,0,2,0
61,29.1,125.3,12,1,3,10.4,1,0,0,5,1
40,37.9,164.4,8,1,30,37.1,1,1,1,3,0
33,90.9,94.5,12,2,15,6.4,0,0,0,4,0
69,65.0,91.6,7,1,33,11.3,0,0,0,3,0
42,121.7,167.6,8,0,11,5.5,0,0,1,3,0
34,76.2,137.0,6,2,39,9.8,0,0,0,1,0
41,30.8,28.0,10,2,12,15.9,0,0,1,1,0
18,49.5,64.9,8,3,45,17.7,0,1,0,4,0
34,25.0,187.6,7,2,33,8.9,1,0,1,2,0
45,78.4,138.1,18,0,72,7.1,1,1,0,2,0
66,79.7,85.7,11,1,64,30.1,1,0,1,2,0
57,73.1,112.3,14,6,44,8.4,1,0,1,4,0
59,115.2,120.6,13,1,33,1.6,0,0,1,5,0
46,118.6,153.1,14,1,52,25.3,0,0,1,4,0
23,80.2,58.9,13,0,49,2.0,0,0,0,4,0
38,25.2,82.2,14,1,11,25.3,0,1,0,5,0
70,102.3,132.3,11,1,28,3.1,0,1,1,3,0
20,100.6,115.5,5,2,72,3.7,1,1,1,1,0
64,93.7,145.7,8,1,24,4.7,0,0,0,3,0
54,112.5,64.7,11,0,1,7.9,0,1,1,5,0
33,52.4,136.1,8,1,61,25.5,0,0,1,4,0
59,141.2,169.1,8,2,68,4.8,1,1,1,2,0
62,58.1,141.9,7,2,48,15.9,1,1,0,2,1
20,106.0,126.3,7,0,46,13.6,0,0,0,5,0
23,37.8,115.7,10,0,26,12.0,0,0,1,1,0
53,59.0,82.4,9,1,26,22.5,1,1,0,5,0
70,127.5,116.8,11,2,66,12.7,0,0,0,4,1
19,77.7,176.7,13,1,62,13.4,1,1,0,5,0
53,108.5,114.6,8,1,36,18.7,1,1,0,2,0
25,91.6,80.0,12,2,23,8.1,1,0,0,4,0
52,82.1,97.8,11,1,14,11.4,0,0,0,2,0
51,123.2,129.0,10,5,1,14.3,1,0,0,1,1
22,78.4,103.2,3,5,35,21.1,0,1,1,3,0
54,35.1,141.8,11,0,40,10.3,0,0,0,5,0
65,62.5,143.5,8,3,49,11.2,0,0,0,2,0
63,100.4,160.0,6,2,58,15.7,0,0,1,1,0
19,96.1,184.1,8,2,27,10.5,0,1,1,5,0
31,41.1,164.8,7,0,13,6.5,1,1,1,5,0
30,64.7,78.0,8,3,61,18.7,1,0,1,5,1
42,68.7,79.3,13,0,55,12.8,0,1,1,5,0
25,74.8,116.6,7,4,39,8.6,1,1,1,5,0
63,46.5,99.7,8,1,3,4.7,1,1,1,5,0
59,67.4,68.8,12,4,34,2.1,0,0,0,5,0
60,64.6,100.1,10,0,45,16.2,1,0,1,4,0
28,106.6,98.6,8,2,62,6.4,1,1,1,2,0
18,107.7,89.8,9,1,37,3.0,1,0,1,3,0
66,80.9,105.8,10,2,34,5.8,0,0,1,2,1
33,74.0,173.0,15,3,28,14.3,1,1,1,3,0
52,88.9,129.0,9,0,30,6.4,1,0,0,4,1
66,62.1,231.2,13,5,2,14.5,0,0,1,2,0
19,52.9,127.7,5,2,8,7.5,0,0,1,1,0
18,58.7,106.9,6,0,55,11.3,0,0,0,4,0
18,67.2,120.2,10,3,27,12.0,0,0,0,5,0
26,52.4,131.5,12,1,62,18.0,0,0,1,5,0
20,89.5,139.6,11,3,29,18.4,0,0,1,1,0
61,105.4,213.5,4,2,72,11.6,1,1,0,3,0
50,40.6,82.0,13,3,14,5.3,1,0,1,3,0
69,85.7,158.7,15,1,14,24.1,0,0,1,3,1
60,78.8,129.3,14,2,43,8.4,0,1,0,4,0
69,94.6,49.3,6,3,58,1.0,0,0,0,3,0
30,84.6,154.7,10,1,11,13.9,0,0,0,5,0
33,44.3,177.0,8,1,37,14.3,1,0,1,5,0
63,49.7,81.4,9,0,17,8.7,0,1,0,4,0
30,85.8,119.6,9,0,54,3.2,1,0,0,3,0
21,113.8,42.4,5,1,41,2.5,0,0,0,3,0
53,25.0,63.4,10,1,48,9.2,0,0,1,5,0
60,94.7,167.2,10,2,20,4.9,1,1,1,2,1
69,118.3,99.0,7,3,21,21.0,0,1,1,5,0
67,80.7,70.1,2,3,47,8.9,0,1,0,3,0
24,100.4,130.3,11,0,26,8.1,0,1,1,1,0
58,65.3,96.5,14,2,50,34.7,1,0,1,4,0
62,81.7,98.8,9,2,12,1.2,0,0,1,2,0
55,39.6,153.3,9,0,22,11.2,1,0,1,3,0
61,25.0,67.7,14,2,8,2.2,1,0,0,5,1
62,111.4,79.3,7,1,7,25.7,1,0,1,4,0
41,57.4,126.9,3,1,19,2.9,1,0,1,4,0
20,72.2,163.6,7,2,36,14.7,1,1,0,1,0
42,46.2,175.7,10,2,11,13.3,1,1,0,5,1
28,45.5,90.1,9,2,7,2.1,0,0,0,2,1
24,80.1,162.2,14,0,64,14.8,1,0,0,1,0
24,64.6,84.7,5,4,38,7.4,1,0,1,5,0
54,95.6,202.2,13,1,52,16.8,0,0,1,1,0
44,97.7,69.0,7,2,53,7.1,1,0,1,2,1
46,94.0,179.8,12,1,8,14.8,0,0,0,1,0
57,91.7,90.5,9,2,45,10.4,0,0,0,4,0
47,129.2,210.6,10,2,62,14.8,0,1,1,5,0
51,55.1,146.6,6,0,33,16.6,0,0,0,3,0
22,83.5,74.3,7,0,63,9.6,0,0,0,5,0
63,116.7,96.5,14,0,69,8.5,0,0,0,5,0
41,120.4,155.2,6,2,40,16.3,0,0,1,5,0
26,45.2,167.4,11,2,8,7.5,0,0,1,1,1
61,76.3,116.8,9,1,45,9.8,1,1,0,2,0
56,123.0,122.0,17,0,64,28.9,0,0,0,2,0
20,99.2,154.1,13,1,42,11.3,1,0,0,4,1
28,90.5,125.9,6,5,58,18.4,1,1,0,5,0
18,78.9,61.8,9,3,39,6.7,0,0,1,2,0
32,74.3,83.4,8,1,31,14.7,0,0,0,4,1
23,93.1,130.6,8,1,69,10.0,0,0,1,1,0
55,77.9,174.7,5,1,12,8.6,0,0,1,3,0
45,83.8,192.7,11,3,33,2.0,0,1,1,4,0
69,87.2,155.1,8,0,12,5.0,1,0,1,2,0
57,66.0,132.9,7,0,48,1.7,1,1,1,1,1
50,99.9,153.7,9,5,67,36.1,0,0,0,3,1
44,166.6,90.0,6,2,72,10.3,1,1,0,4,0
20,35.2,113.1,11,0,17,11.4,0,1,1,5,0
21,94.1,82.9,11,2,53,20.6,1,1,1,4,1
50,63.7,63.8,12,1,63,13.7,1,1,1,4,0
18,101.2,135.0,8,2,61,8.6,0,1,1,3,0
20,86.3,128.3,5,1,37,8.7,1,0,1,5,0
29,106.3,150.9,2,1,13,4.6,1,0,0,5,0
64,117.9,144.6,16,0,34,15.5,0,0,0,5,0
42,90.4,130.9,11,1,56,15.9,0,0,1,5,0
55,116.7,145.0,11,2,45,11.5,1,0,0,3,0
39,25.0,118.1,10,1,28,10.1,0,1,0,5,0
27,129.5,138.6,9,5,16,16.0,0,1,1,4,0
37,95.5,87.3,9,2,47,4.5,1,1,1,4,0
22,115.2,136.6,9,4,31,14.3,0,0,1,4,0
58,50.8,150.1,9,1,34,30.0,0,1,1,1,0
27,61.7,89.9,10,2,68,6.8,1,1,0,5,0
37,89.1,122.3,12,2,1,9.4,0,1,1,2,0
69,84.5,91.9,12,3,18,25.0,0,1,1,4,1
49,92.9,96.3,8,0,67,11.5,1,0,1,5,0
42,115.4,69.4,11,2,67,19.4,0,0,1,1,0
46,35.6,177.0,6,5,22,14.8,1,1,0,2,0
59,112.3,168.0,10,1,72,15.7,1,1,1,5,0
31,85.2,144.2,9,2,16,6.5,0,1,0,2,0
51,79.3,208.7,6,3,4,6.3,0,1,1,4,1
64,43.8,111.5,10,0,23,17.7,1,1,1,3,0
48,99.1,256.4,7,3,39,3.4,1,1,1,5,0
41,25.0,109.8,12,2,1,9.8,0,1,0,3,1
25,103.2,131.5,8,4,13,16.0,0,1,1,3,1
31,43.2,102.1,14,0,57,9.4,0,0,0,1,0
68,86.5,136.8,12,1,45,10.2,1,0,1,3,0
46,81.7,157.6,11,0,44,20.0,1,0,0,3,0
33,117.7,114.9,6,5,72,27.0,0,0,0,4,0
40,80.0,200.0,12,4,17,45.4,1,1,0,4,1
48,65.6,130.8,9,1,65,25.5,0,1,1,4,0
46,70.8,132.2,7,1,26,8.0,0,0,1,3,0
55,120.6,79.1,6,1,67,5.6,1,0,0,1,0
31,100.0,138.8,5,2,57,8.1,0,0,0,2,0
52,74.2,114.0,8,2,16,16.2,1,1,1,3,0
41,78.4,92.6,9,2,16,8.7,0,0,1,5,0
67,41.1,85.1,10,3,40,6.7,1,0,1,4,0
26,95.9,240.2,7,1,37,29.1,1,0,1,5,0
25,35.7,108.1,4,4,17,8.5,0,0,1,5,0
42,106.1,54.4,11,2,19,15.4,0,0,1,1,0
44,88.6,88.6,6,3,65,15.1,1,1,1,1,0
54,151.8,117.7,13,3,55,2.0,0,1,0,3,0
39,54.2,144.6,18,3,14,28.0,1,0,0,2,1
66,82.1,145.0,9,1,53,4.3,1,0,0,5,0
43,135.4,150.4,7,2,12,3.1,0,0,1,3,0
24,118.4,91.0,9,2,33,7.8,1,0,0,1,0
24,65.5,135.3,15,0,1,5.7,0,0,1,2,0
69,91.3,80.6,5,0,47,25.1,0,0,0,2,1
25,85.1,92.1,6,2,14,13.6,0,0,1,1,0
68,92.9,78.7,12,1,17,7.2,1,1,1,2,0
32,65.4,66.5,14,1,14,3.0,1,0,0,3,0
22,82.5,167.9,13,2,14,14.7,0,1,1,5,0
34,40.3,151.0,7,3,6,9.1,0,0,0,4,0
50,88.8,163.9,12,1,40,16.1,0,0,0,1,1
40,97.6,121.8,11,1,63,13.6,1,0,1,3,0
59,78.6,155.0,4,4,22,5.9,0,0,1,4,0
50,39.8,40.7,8,0,57,17.5,0,0,0,2,0
39,112.7,158.8,5,4,40,3.9,0,1,0,3,0
51,95.2,128.0,11,2,19,8.8,0,1,0,5,0
69,64.7,148.2,19,1,5,9.7,1,0,1,1,0
39,77.1,137.1,11,2,57,10.7,0,0,0,3,0
26,43.0,75.6,18,1,2,3.6,0,0,1,4,0
39,56.3,52.6,10,0,31,24.3,0,1,1,4,1
62,69.9,88.0,5,1,3,5.9,0,0,0,5,0
29,119.4,145.4,14,2,56,2.4,0,0,1,2,0
68,67.1,151.1,12,0,72,13.9,0,1,1,3,0
49,102.9,58.4,6,1,24,35.8,0,1,1,5,0
49,69.9,75.9,10,1,23,2.0,0,1,0,5,0
34,91.9,87.5,12,1,41,4.9,0,0,0,5,0
66,81.0,103.9,11,1,37,20.2,1,0,0,4,0
19,109.4,58.7,9,3,28,11.3,0,0,1,2,0
33,70.0,56.0,5,2,27,3.8,0,1,1,2,0
40,41.0,83.0,7,2,14,9.7,1,1,0,4,0
43,46.3,123.9,11,3,19,30.4,0,0,1,2,0
43,70.1,66.9,7,3,43,26.0,0,1,1,4,0
25,50.0,114.8,18,0,53,50.8,1,0,1,3,1
29,96.5,167.6,10,1,55,18.1,0,1,0,3,0
23,72.0,61.4,9,0,38,7.6,1,0,0,2,0
48,151.5,110.7,8,1,55,20.0,0,0,1,4,0
36,36.3,166.1,9,2,43,6.4,1,0,1,3,0
47,90.7,101.2,12,2,26,10.3,1,1,0,2,0
49,53.4,94.2,15,1,26,6.4,0,0,0,2,0
55,71.2,172.4,9,3,38,18.0,0,0,1,3,0
46,89.0,106.2,10,2,23,16.9,1,1,1,4,1
52,25.0,169.7,16,1,55,6.9,0,1,0,5,0
49,91.6,139.3,10,1,14,23.1,0,0,0,2,0
52,138.3,104.6,11,1,4,27.9,1,1,0,1,0
50,72.3,141.6,6,3,36,7.7,1,1,0,5,0
34,92.3,134.4,9,2,6,14.9,1,0,0,1,0
31,113.7,165.9,7,2,14,29.0,1,0,1,5,0
59,80.4,95.3,12,2,28,14.0,1,0,1,1,0
36,68.7,121.9,7,1,1,8.8,1,0,1,2,0
47,25.0,117.2,14,0,17,10.6,1,0,0,5,0
28,102.9,151.7,10,2,40,7.6,1,0,1,1,0
40,81.8,73.9,14,4,27,23.5,1,0,1,1,0
46,56.6,165.8,13,2,65,21.7,0,0,1,4,1
51,88.5,141.0,14,2,7,40.3,1,1,0,1,1
45,68.7,60.7,7,1,52,6.3,0,1,0,1,0
37,70.2,174.4,11,3,43,7.2,1,0,1,4,0
68,102.0,220.5,6,0,47,3.2,1,1,1,5,0
45,47.5,165.1,6,3,49,16.3,1,0,0,4,0
60,114.3,184.2,13,2,4,4.4,0,0,1,5,0
57,45.9,123.8,7,0,58,39.0,0,0,0,3,0
47,66.4,45.2,10,5,24,5.7,0,0,1,4,0
64,138.8,37.0,7,4,47,1.9,1,0,0,5,0
24,116.6,131.5,7,0,22,4.2,1,1,1,3,0
66,87.7,93.4,13,2,29,13.7,0,0,0,1,0
63,58.7,78.8,17,2,51,10.5,0,0,1,2,0
44,70.2,117.2,6,3,68,5.6,0,0,1,4,1
56,87.1,147.7,12,3,64,10.1,0,0,0,5,0
45,86.1,54.6,10,2,53,7.0,1,1,0,4,0
32,82.5,99.8,13,2,39,16.0,1,1,0,3,0
60,84.1,187.9,9,2,38,4.5,1,1,0,2,0
31,79.0,71.6,6,1,70,12.4,0,0,0,4,0
34,44.6,159.1,9,3,15,12.7,0,0,0,5,0
45,70.5,98.2,15,3,69,10.7,1,0,1,2,0
62,110.6,144.6,9,1,47,14.7,1,1,0,3,0
38,46.7,169.4,8,2,45,10.0,0,0,1,3,0
44,79.7,153.4,11,3,43,17.9,1,0,1,2,0
20,62.0,160.9,13,2,59,10.7,0,0,0,3,0
24,88.1,68.2,6,4,50,24.2,0,1,1,1,0
20,74.1,170.1,10,0,7,12.3,1,0,1,3,0
21,126.4,81.6,13,2,57,23.2,1,1,1,1,0
64,99.2,131.7,8,2,53,7.1,1,0,1,3,1
62,48.3,131.6,8,2,66,5.0,0,0,0,5,1
61,103.8,141.8,12,1,68,17.8,0,0,1,1,0
20,63.3,135.2,12,4,69,10.9,1,0,1,2,0
22,68.8,82.0,12,1,4,1.2,1,0,1,4,0
32,93.8,59.3,12,0,46,6.1,0,1,1,5,0
47,71.2,159.3,8,5,68,13.7,0,0,1,5,0
35,110.0,128.4,14,0,70,10.2,0,0,1,1,0
43,63.3,171.7,14,4,40,5.9,1,0,0,2,1
27,67.7,118.0,11,2,66,10.8,1,0,0,5,0
56,66.6,56.8,9,2,64,12.1,0,1,1,3,0
34,69.2,163.5,8,4,1,2.4,0,0,1,5,0
21,115.8,103.3,10,4,64,22.8,0,1,1,1,0
57,102.6,135.4,15,0,46,26.2,1,0,1,1,0
65,132.9,90.9,12,2,42,6.1,0,0,1,2,0
18,148.5,194.0,10,3,13,35.0,0,1,0,1,1
41,56.1,80.6,8,0,67,10.2,1,0,0,5,0
61,87.0,104.8,14,3,22,6.7,0,1,1,5,0
55,52.1,124.8,11,5,31,6.5,1,0,1,2,0
63,63.2,70.9,6,2,22,33.6,1,0,0,1,1
40,67.4,134.9,13,2,70,4.6,0,1,0,1,0
37,55.4,192.5,10,1,35,12.3,1,0,1,2,0
55,55.5,97.9,11,1,9,13.3,1,1,0,4,1
26,81.0,137.8,9,3,1,17.9,1,1,1,5,0
30,50.9,10.0,7,0,71,11.6,1,0,0,3,0
49,108.6,118.2,5,3,17,32.0,0,0,1,5,0
53,59.3,105.9,6,2,56,35.9,0,1,0,5,0
24,163.7,83.2,11,1,3,27.4,0,0,1,4,1
44,72.4,168.7,10,1,65,14.3,0,1,1,1,0
37,87.0,105.3,14,3,47,20.4,0,0,0,5,0
44,48.7,112.0,11,2,17,8.7,0,0,0,5,0
68,132.8,103.0,8,3,65,23.4,1,0,0,3,0
22,116.3,33.7,4,5,22,7.0,0,1,1,3,1
70,93.3,69.1,9,3,72,5.3,1,1,0,4,0
41,47.3,163.2,7,2,44,5.2,1,0,1,3,1
58,90.9,25.1,8,4,33,16.3,0,0,0,2,1
40,53.6,85.5,16,1,5,29.5,1,0,1,4,0
34,125.9,102.0,12,1,19,31.1,0,0,1,4,0
58,107.7,198.5,10,4,5,1.4,1,0,1,1,0
54,87.7,154.6,10,3,62,21.2,1,0,0,4,0
25,25.0,94.9,11,2,8,5.0,1,0,0,1,0
55,57.5,178.7,11,1,9,45.0,1,0,1,3,1
57,104.3,86.7,11,1,9,3.7,1,0,0,1,0
38,119.0,165.4,6,1,71,2.4,1,1,1,5,0
67,116.1,58.9,7,3,70,21.5,1,0,1,4,1
51,40.4,168.3,10,4,52,8.3,0,1,1,3,0
35,93.4,101.7,12,3,6,8.0,1,0,0,3,0
18,113.4,73.7,8,1,37,6.0,1,0,0,4,0
53,38.6,110.2,8,4,69,6.9,0,1,0,1,0
29,84.8,132.5,9,3,7,22.1,1,0,1,3,0
58,92.7,97.7,5,2,58,5.2,1,1,1,4,0
45,76.6,144.9,7,1,2,10.0,1,0,0,2,1
42,33.1,93.8,7,1,58,4.7,0,0,1,3,0
26,75.9,147.9,6,3,40,11.9,1,1,0,2,0
55,75.8,139.9,14,2,64,7.8,1,0,0,1,0
26,80.9,117.3,8,1,30,15.4,0,0,1,5,0
40,69.2,100.1,8,2,57,16.8,1,0,1,3,1
62,72.6,126.8,9,1,61,29.9,1,0,0,2,1
66,83.9,144.8,15,2,24,43.1,0,0,0,2,0
70,97.4,212.8,11,1,47,6.6,1,1,0,4,0
68,76.5,162.3,12,1,34,18.1,0,0,0,1,1
47,73.5,163.9,11,2,32,7.7,1,1,1,3,0
28,87.6,259.0,8,3,58,16.4,1,0,0,2,0
62,31.2,143.2,9,1,17,15.9,0,0,0,5,0
60,98.4,141.8,13,3,9,15.6,0,0,0,4,0
70,85.0,151.7,8,0,35,19.0,0,1,1,4,0
52,86.1,74.6,5,1,60,12.5,0,1,1,1,0
25,111.9,100.0,8,3,12,8.3,1,0,1,1,1
44,30.3,97.2,10,1,25,12.0,0,0,1,3,0
41,29.7,149.1,9,3,49,41.1,0,1,0,2,1
62,92.7,112.2,9,1,35,7.2,0,0,0,4,0
38,84.8,126.2,14,0,44,8.9,1,0,1,4,0
35,89.8,168.9,14,2,39,6.2,1,1,0,2,0
22,72.1,158.8,10,1,59,2.0,0,0,1,1,0
62,103.6,112.7,14,3,64,10.6,0,1,0,2,0
58,111.1,89.9,8,1,33,17.2,0,1,0,3,1
20,98.6,171.1,9,0,32,5.4,0,0,0,2,1
40,77.7,154.8,6,2,21,26.9,0,0,0,2,0
43,26.0,47.7,15,2,32,15.0,1,0,0,2,1
42,106.5,105.9,10,1,61,22.3,0,1,0,1,0
66,119.2,127.4,13,2,37,14.1,0,0,1,4,1
25,103.0,155.0,14,2,50,9.9,1,0,0,5,0
34,60.4,161.0,10,1,31,8.5,1,0,1,5,0
27,103.9,132.8,13,2,51,13.7,0,0,1,5,0
30,109.1,146.3,8,0,52,14.5,0,0,0,4,0
66,128.6,122.9,6,2,39,7.6,1,0,0,4,0
67,60.5,89.7,10,3,68,9.7,0,0,0,1,0
20,78.7,108.2,6,2,64,36.1,1,0,1,2,1
51,105.9,120.9,10,1,12,12.2,1,0,1,4,0
30,86.6,118.4,10,3,17,13.1,1,0,1,5,0
28,53.7,35.1,6,3,69,30.6,0,0,0,5,0
33,96.6,102.1,14,3,29,14.7,0,0,0,4,0
28,101.2,122.5,11,2,23,11.1,1,0,0,1,0
43,87.5,107.3,9,1,58,21.8,0,0,1,5,0
70,91.1,108.9,9,1,44,18.7,0,1,0,2,0
49,77.8,142.0,6,0,10,13.3,1,0,1,1,1
56,126.4,71.4,9,3,7,14.1,0,0,0,4,1
44,59.8,46.7,8,3,59,9.1,1,0,0,1,0
18,68.6,104.3,11,1,56,4.4,1,1,1,2,0
22,85.3,154.4,10,2,26,16.9,1,0,0,4,1
32,109.6,195.9,13,4,63,3.0,0,1,0,5,0
30,43.1,155.2,21,3,10,4.6,1,0,1,5,0
62,48.3,53.9,11,1,63,9.6,1,0,1,1,0
62,27.9,109.5,8,4,6,8.9,0,0,0,1,0
63,85.9,131.5,9,1,46,18.1,1,1,0,5,0
51,53.7,128.0,5,0,61,21.4,0,0,0,2,0
47,74.2,144.3,10,0,45,39.4,0,1,1,1,0
52,103.5,78.7,12,1,57,2.6,1,1,0,3,0
39,67.0,122.9,8,1,25,15.6,0,0,1,4,1
53,91.5,138.9,15,0,21,15.1,0,0,1,5,0
60,76.6,157.2,5,1,20,13.8,1,0,1,3,0
58,103.8,83.7,14,5,9,16.9,0,0,1,4,0
50,98.3,104.5,7,5,20,19.3,0,0,1,3,0
21,65.6,10.0,12,3,18,27.5,0,0,1,5,0
56,80.3,92.0,11,1,55,14.1,1,1,1,3,1
37,114.2,96.4,10,4,16,32.9,1,0,0,4,1
57,96.0,74.1,9,3,12,14.2,0,1,1,5,0
46,45.9,127.5,11,0,53,8.0,1,1,1,5,0
64,103.4,117.5,9,4,39,13.3,0,0,1,3,0
35,54.6,18.3,10,6,16,5.8,0,0,0,3,1
67,124.6,129.7,12,1,51,6.0,0,0,0,3,1
62,113.7,78.2,9,2,16,10.3,0,1,1,1,0
35,93.1,141.9,4,7,57,9.2,0,0,0,2,1
43,89.4,62.3,10,2,3,27.0,1,1,0,4,0
46,79.1,121.4,12,1,43,10.2,1,0,0,1,0
58,104.0,107.3,14,3,43,5.1,1,0,1,4,0
54,74.6,133.6,8,4,27,11.6,1,1,1,3,0
63,91.6,125.6,11,1,50,14.1,0,0,1,3,0
37,109.4,108.5,10,1,28,12.5,0,1,1,5,0
44,69.3,50.9,7,2,48,4.9,0,0,1,2,0
40,67.7,53.5,6,0,17,28.9,0,0,0,4,0
66,51.6,93.7,12,0,41,2.3,1,0,1,4,0
34,55.2,119.6,9,1,55,12.4,0,0,1,5,0
49,33.8,92.6,13,0,70,4.7,0,1,0,5,0
24,105.4,148.1,17,3,26,22.7,0,0,0,3,0
63,135.6,107.4,13,2,35,15.6,1,0,1,2,0
38,124.9,76.6,8,4,35,14.1,0,0,0,4,0
36,39.5,107.5,5,2,62,9.6,1,0,1,5,0
48,105.3,130.2,7,3,70,27.3,0,1,1,2,0
44,124.8,134.6,7,3,47,9.6,0,0,1,2,0
62,72.2,204.5,16,3,60,34.8,0,1,1,3,0
46,87.8,89.9,10,3,7,5.9,1,0,0,1,1
45,28.8,116.7,14,0,55,11.7,1,0,1,2,0
23,92.5,139.2,12,5,59,19.0,0,0,0,1,0
19,55.2,118.9,11,1,52,16.3,0,0,1,4,0
39,90.6,97.5,6,3,43,11.0,0,1,0,3,1
70,41.3,50.3,8,2,65,2.6,0,1,1,4,1
66,100.2,97.0,4,4,48,13.0,0,0,0,1,0
51,113.7,71.7,9,4,61,8.7,0,1,1,3,1
51,63.1,42.3,9,4,13,7.2,1,0,0,4,0
38,53.2,84.2,9,1,48,19.7,1,1,0,4,1
27,25.0,72.9,8,2,32,2.1,1,0,0,4,0
18,77.5,146.3,8,2,63,11.3,1,1,1,1,0
35,68.7,147.0,5,2,64,0.7,1,0,0,3,0
34,41.6,79.3,15,2,61,16.4,1,1,0,3,0
28,97.7,108.3,8,1,16,19.9,0,1,0,5,0
31,72.4,36.4,8,2,36,12.9,0,0,0,4,0
19,54.9,97.8,11,1,1,8.1,0,0,0,5,0
50,69.5,138.0,11,1,71,27.0,1,0,0,1,1
67,115.0,157.1,8,3,19,28.2,0,0,1,3,0
54,101.9,87.9,10,0,45,14.6,0,0,1,4,0
41,81.4,167.3,8,1,36,30.9,0,0,1,1,0
40,102.3,51.8,5,3,66,5.9,1,1,0,4,0
34,52.5,63.9,11,3,60,10.5,1,0,0,2,0
25,85.9,151.9,17,4,56,1.2,1,0,1,1,0
49,89.1,195.2,8,2,47,4.5,1,1,1,4,0
48,71.8,142.2,11,1,9,4.1,1,0,1,3,0
18,97.2,118.2,8,1,67,16.4,0,0,1,3,0
40,63.1,21.2,7,2,5,4.7,1,1,0,2,0
32,99.3,29.0,6,3,33,2.0,1,0,0,4,0
27,100.5,125.8,17,2,28,6.8,0,0,1,4,0
55,25.0,103.9,10,1,29,7.5,1,0,1,4,0
45,118.3,70.2,8,1,71,3.7,1,1,1,4,0
51,25.0,122.9,13,2,17,12.2,1,0,0,4,1
55,67.8,125.2,9,1,42,13.8,1,0,0,1,0
70,113.7,162.5,11,3,16,2.9,0,0,1,1,0
60,76.1,126.1,12,1,66,18.1,0,0,1,5,0
50,43.9,175.3,14,2,53,5.5,0,0,0,2,0
64,54.4,120.4,11,1,30,7.4,1,0,0,3,0
43,113.8,114.8,11,2,6,15.7,1,1,0,2,1
70,31.2,167.9,13,2,11,7.4,1,0,1,5,0
58,116.6,76.0,10,4,18,4.5,1,1,0,5,0
52,83.5,246.7,6,1,30,11.7,1,1,0,3,0
65,51.6,136.9,15,1,64,22.9,0,1,0,4,0
45,68.7,137.1,20,0,9,21.0,0,1,1,3,0
56,56.5,143.6,12,1,42,6.9,0,0,1,4,0
33,109.3,204.5,12,0,26,5.2,1,1,1,5,0
69,105.5,155.7,11,0,4,6.1,0,0,0,4,0
51,36.9,47.8,8,1,45,21.2,1,0,0,1,0
59,73.7,183.2,10,0,51,6.0,1,0,1,3,0
42,60.8,104.7,11,2,70,30.0,0,0,0,5,0
63,121.2,124.8,12,0,37,15.5,1,0,0,1,0
21,47.2,62.4,19,2,24,10.7,1,1,1,2,0
24,129.9,143.7,11,1,62,6.8,1,0,0,2,0
44,84.1,90.7,10,3,18,11.8,0,0,0,4,1
56,52.5,124.5,10,1,50,4.5,0,0,1,1,0
60,66.0,107.2,15,3,68,3.0,0,1,0,4,0
41,62.6,206.6,6,4,1,15.7,0,0,1,1,0
52,49.3,209.2,9,3,67,10.7,1,0,0,5,0
47,87.7,122.1,11,1,15,18.5,1,1,0,2,0
68,50.6,122.9,6,2,35,13.5,1,1,0,3,0
52,25.0,103.2,11,3,19,6.7,0,0,0,4,0
40,74.4,169.8,9,1,11,21.0,1,0,1,2,0
69,34.5,105.2,17,0,51,7.4,0,0,1,1,0
23,63.9,101.0,7,3,35,25.0,0,1,0,5,0
70,59.5,164.0,18,0,37,7.2,1,0,1,1,0
26,60.6,95.8,13,1,35,3.5,1,1,0,3,0
33,141.0,118.3,11,0,54,28.0,1,0,1,1,1
61,86.6,48.8,3,1,70,7.0,1,0,1,4,0
56,91.9,151.7,3,1,37,7.4,0,0,1,2,0
69,35.3,207.3,10,0,12,3.6,0,0,0,5,0
57,66.7,152.5,9,0,24,10.1,0,1,1,2,0
51,91.0,185.8,12,3,36,4.1,1,1,0,4,0
36,56.3,81.9,15,2,8,26.9,0,0,1,1,0
18,110.4,130.6,10,0,17,8.3,0,1,0,1,0
24,51.3,77.6,9,0,15,5.3,0,0,0,2,0
33,77.0,109.8,3,0,71,11.4,1,0,0,5,0
20,68.6,154.7,10,3,29,42.5,1,0,1,5,0
44,89.6,124.6,21,2,64,11.7,0,0,1,4,0
59,67.1,56.4,12,1,40,9.2,0,1,1,2,0
69,77.4,60.8,19,1,37,11.2,1,0,0,2,0
43,78.4,57.8,10,3,68,19.2,1,1,1,2,0
64,64.4,142.1,10,1,50,18.0,0,0,0,2,0
70,98.6,212.9,7,3,18,13.2,0,1,0,3,0
63,91.7,181.3,15,2,21,21.6,1,0,1,4,0
42,82.5,34.7,7,1,48,11.6,1,0,0,2,0
35,72.9,183.9,6,3,1,9.7,0,1,0,1,1
69,107.3,162.1,11,1,11,11.5,1,0,1,3,0
30,78.4,50.5,7,1,6,7.2,1,0,0,2,0
39,76.4,106.4,18,2,52,19.5,0,1,0,3,0
21,87.9,169.3,8,1,32,6.9,0,1,1,4,0
60,132.5,144.8,7,0,1,1.7,1,0,1,5,0
52,47.5,61.1,9,1,54,3.0,0,1,0,3,0
22,106.6,147.5,9,1,48,14.2,0,1,1,5,0
29,32.0,23.8,6,3,52,6.1,1,1,0,2,0
47,91.1,110.0,9,0,12,18.3,0,0,0,4,0
46,129.1,171.2,4,0,63,10.8,1,0,0,5,0
60,98.7,120.8,13,2,13,19.4,0,1,1,2,0
32,89.8,97.5,17,1,42,1.9,0,0,1,4,0
67,69.3,160.0,12,2,41,6.9,0,0,0,3,1
41,85.9,163.9,7,0,16,5.1,1,1,1,5,0
61,77.9,179.0,10,1,28,47.8,1,0,1,2,1
30,63.0,159.3,10,0,4,7.8,1,0,1,5,0
19,76.9,168.7,17,1,34,3.0,0,1,1,4,0
20,90.6,153.0,7,0,49,14.0,1,1,1,4,0
37,63.5,131.9,8,2,23,4.8,0,1,1,1,0
68,62.4,124.0,8,4,39,20.7,1,1,0,1,0
20,46.9,109.3,11,2,69,23.0,0,0,0,4,0
37,95.9,65.4,8,0,17,5.2,1,0,0,3,0
23,100.3,77.0,8,4,21,6.2,0,0,0,2,0
67,91.5,107.3,7,6,9,13.1,0,1,1,5,0
53,112.0,130.9,4,1,40,21.1,1,0,1,3,0
58,87.5,184.8,11,1,15,14.1,0,0,0,3,0
55,96.0,118.1,11,1,62,7.8,0,0,1,2,0
52,93.5,165.2,10,2,21,3.5,1,0,1,5,0
59,82.4,168.6,15,0,48,31.7,0,0,1,2,0
18,70.1,109.6,12,1,14,14.4,1,0,0,2,0
63,147.0,146.8,11,0,24,36.1,1,0,1,4,1
57,72.3,109.0,14,2,13,15.8,1,1,1,1,0
57,66.4,179.5,10,2,40,33.1,0,1,1,3,1
38,97.2,148.6,8,0,2,5.8,1,0,0,3,0
60,92.1,66.4,12,2,6,6.1,0,1,1,2,0
38,45.7,127.3,9,5,37,9.5,0,0,0,4,0
20,116.4,194.2,12,0,40,5.4,1,0,1,1,0
66,82.4,111.8,7,0,24,2.5,1,0,1,5,0
30,53.9,140.1,6,1,32,6.6,0,1,1,5,0
23,118.3,144.6,12,1,30,15.7,0,1,1,1,0
50,102.5,73.4,12,1,55,3.9,1,0,1,3,0
30,49.6,143.0,11,1,33,4.3,0,1,0,1,0
63,134.8,57.3,11,3,62,7.0,1,1,1,4,0
41,103.4,91.8,17,2,16,4.9,0,1,0,2,0
18,84.7,168.4,6,1,15,7.3,0,0,1,3,0
68,129.5,136.1,9,0,30,10.0,1,1,1,5,0
45,89.5,106.3,9,1,6,4.2,1,0,0,4,0
31,84.2,140.1,7,2,49,7.1,0,0,0,5,0
53,66.5,117.3,10,0,29,10.7,1,1,1,4,0
46,101.3,120.6,11,3,27,5.6,0,0,1,3,0
19,98.3,149.6,8,2,39,3.5,0,1,0,1,0
58,85.4,87.3,9,3,6,5.9,0,1,1,1,0
39,62.9,121.8,9,1,28,8.2,0,0,0,3,0
55,88.6,105.9,9,1,70,2.4,1,0,0,3,0
65,83.0,48.6,8,0,46,15.8,0,1,1,3,0
50,47.7,78.6,12,2,42,8.5,0,1,0,5,0
53,43.8,190.6,8,2,37,5.9,0,1,1,1,0
31,100.8,137.3,10,2,34,2.8,1,0,0,4,0
30,25.0,60.4,17,1,68,14.5,1,0,0,4,1
39,90.8,50.7,14,1,67,23.2,0,0,0,4,1
63,71.6,115.0,12,1,30,6.9,0,1,0,2,0
45,121.6,190.3,8,2,67,34.1,1,0,0,3,1
36,71.2,111.6,9,4,6,10.3,0,1,1,1,1
59,103.5,178.8,2,3,24,10.6,1,0,1,1,0
63,73.9,135.8,11,1,22,18.9,1,0,1,5,0
65,88.2,141.2,13,2,51,15.0,1,0,1,4,0
33,105.6,59.9,11,1,44,3.9,0,0,0,5,0
55,72.0,162.2,12,0,35,6.7,0,0,1,4,0
49,112.9,104.9,7,0,19,21.1,0,0,0,2,0
41,57.2,158.8,7,5,37,15.2,0,1,1,5,0
39,93.2,83.4,6,3,20,34.3,0,0,1,4,0
24,110.8,128.0,5,1,36,13.6,1,1,1,1,0
32,103.5,135.8,8,0,25,15.6,0,0,0,1,0
47,138.7,113.1,7,2,64,5.9,0,0,1,4,0
64,63.6,138.2,9,0,54,22.9,0,1,1,4,0
63,46.4,108.0,13,1,13,1.2,0,0,1,1,0
27,57.2,90.8,11,0,68,11.9,0,0,0,3,1
54,103.5,192.2,14,4,48,15.9,0,0,1,5,0
22,98.9,167.2,8,2,26,13.0,1,0,0,4,1
53,87.9,85.8,13,1,39,10.4,1,1,1,5,0
36,53.6,145.6,7,1,15,9.5,0,0,1,2,0
41,106.5,86.6,11,1,4,10.7,1,0,0,1,0
56,50.7,66.7,10,2,31,4.4,0,1,0,2,0
40,117.5,166.5,11,3,57,13.0,0,0,0,4,0
60,165.0,43.3,15,0,26,5.9,1,1,1,5,0
46,95.3,161.7,13,1,28,6.9,1,0,0,4,0
70,101.3,108.6,3,1,72,4.0,0,0,0,1,0
51,71.2,110.5,9,1,72,54.5,0,0,0,3,0
33,34.3,138.4,15,2,34,12.3,0,0,1,1,0
59,68.1,146.2,7,3,4,3.3,0,0,1,4,0
39,54.4,82.8,13,3,49,11.4,1,0,1,3,0
46,44.5,152.3,11,1,52,22.8,0,0,0,3,0
25,133.2,125.1,12,0,66,12.9,1,0,0,3,0
24,92.6,63.5,5,0,69,10.2,1,0,1,4,0
48,95.6,112.4,15,0,46,5.6,0,0,1,1,0
27,76.3,182.2,5,0,8,12.9,1,0,1,5,0
70,80.2,195.4,7,5,18,17.6,1,0,1,3,1
63,112.0,152.3,8,2,52,17.7,0,0,0,3,0
55,84.1,66.4,6,3,44,12.0,0,0,1,2,1
56,99.9,142.1,11,0,32,12.0,1,0,1,1,0
49,79.5,158.3,10,0,29,25.3,1,0,1,4,0
21,75.4,152.7,9,0,52,23.6,0,1,1,2,0
38,45.6,155.3,13,1,31,9.1,1,0,0,5,0
44,29.6,136.3,9,1,12,32.4,1,0,1,4,0
66,77.7,116.7,8,3,71,3.4,1,1,0,3,0
29,86.6,92.6,11,2,26,12.4,0,0,0,1,1
44,49.0,34.6,19,2,21,13.3,0,0,0,3,0
36,84.0,135.3,8,0,5,5.3,1,1,1,5,0
25,86.5,128.4,9,2,34,2.7,0,1,0,3,0
23,25.0,145.1,9,2,72,5.4,0,1,0,4,0
37,59.4,59.8,14,1,12,20.0,1,1,1,1,0
22,96.4,149.0,11,2,18,20.4,0,0,0,3,0
21,95.8,212.5,15,2,13,17.0,1,1,1,4,1
36,52.7,123.5,10,1,7,6.0,0,0,1,3,0
28,89.4,117.2,15,2,44,20.6,1,1,1,5,0
47,113.6,133.9,8,4,22,6.4,0,0,0,3,0
18,106.8,211.5,3,0,55,13.0,1,0,1,5,0
33,82.3,73.9,10,1,29,10.6,0,0,1,4,0
42,71.9,129.1,10,1,46,7.9,0,0,1,5,0
69,67.4,84.0,6,0,7,16.4,1,0,1,3,0
51,98.1,95.4,11,3,24,18.6,1,1,1,3,1
64,90.5,117.8,9,2,30,5.7,0,0,0,2,0
36,102.6,180.6,6,2,5,11.1,0,1,1,4,0
41,88.7,201.0,11,2,31,18.0,1,0,0,5,0
40,107.9,140.2,13,2,34,0.6,1,0,0,1,0
65,87.6,103.1,5,2,30,14.2,0,0,0,5,0
68,107.0,232.2,16,5,37,18.2,1,0,0,5,1
69,109.4,100.8,14,1,58,14.6,0,0,1,4,0
57,62.5,94.3,13,2,56,15.1,1,0,0,3,1
44,34.4,40.1,6,4,2,10.1,0,0,1,5,0
46,128.2,182.8,17,2,47,17.4,0,1,1,2,0
69,92.2,163.6,8,1,66,3.8,1,0,1,4,0
33,37.0,228.8,9,3,63,5.4,0,1,0,5,0
36,65.0,57.5,4,1,24,14.9,1,1,0,5,0
65,106.6,185.6,13,3,57,17.4,0,0,1,3,0
38,77.2,123.2,6,0,58,22.9,0,1,0,2,1
30,70.7,156.3,7,1,27,29.4,1,1,1,5,0
47,124.2,45.9,15,2,63,6.1,1,1,1,4,0
35,55.7,186.1,13,1,46,4.4,0,1,1,4,0
65,62.7,155.4,7,2,55,19.7,1,0,0,4,0
66,90.9,118.2,10,0,54,7.7,0,1,1,5,0
34,95.9,149.0,11,1,57,10.4,1,0,1,3,0
46,98.9,85.6,7,2,69,18.4,0,0,1,3,0
70,110.5,93.9,12,0,62,12.4,0,1,0,5,0
57,90.6,99.1,11,2,31,17.0,0,0,0,3,0
29,98.7,36.6,14,0,41,5.6,1,0,1,2,0
49,77.7,158.8,14,0,47,13.4,1,0,0,4,0
50,86.8,173.6,5,1,62,13.2,1,0,0,2,0
52,88.0,88.4,7,2,29,22.6,0,1,1,1,0
19,91.0,135.7,10,1,23,26.0,0,0,1,2,0
33,106.6,108.1,6,1,54,7.5,0,0,0,1,0
63,100.5,134.8,11,2,69,4.8,1,1,1,5,0
30,86.2,91.8,6,3,66,17.7,0,1,1,5,0
33,62.3,80.2,9,3,11,2.5,1,1,0,2,0
35,86.9,167.3,9,1,67,18.6,0,0,0,5,0
27,84.2,117.1,13,0,57,19.5,1,1,0,4,0
26,90.4,211.0,6,3,12,7.1,0,0,0,5,1
36,146.8,122.1,11,3,1,0.8,0,1,1,1,0
64,70.3,78.3,9,2,15,20.9,1,0,0,1,1
18,96.8,175.2,10,1,67,27.1,1,0,1,5,0
33,114.9,148.4,8,1,55,25.9,1,0,0,2,0
21,87.7,152.7,10,3,42,26.5,1,0,1,3,0
47,150.5,173.6,13,1,46,3.5,1,0,1,5,0
31,74.4,90.6,11,2,30,11.3,0,0,1,2,0
59,94.1,114.3,11,0,66,13.2,0,1,0,1,0
49,62.6,112.3,11,3,12,11.8,1,0,1,4,0
59,75.2,61.9,13,3,23,17.2,1,0,0,3,1
51,92.0,108.1,10,3,15,4.6,0,0,1,1,1
41,108.7,180.1,10,3,62,2.4,0,1,1,2,0
63,93.9,130.7,8,1,39,1.7,1,0,0,3,0
43,120.3,59.4,15,3,50,21.2,0,0,1,5,0
68,82.3,50.0,15,5,67,3.5,1,1,0,2,0
70,75.7,194.9,13,1,15,11.8,1,1,0,3,0
49,160.7,115.9,13,1,70,6.8,0,0,0,1,0
53,96.0,90.9,12,1,10,7.1,0,0,1,2,0
31,64.9,107.7,10,1,55,9.3,0,1,1,2,0
61,65.6,53.5,12,5,51,7.3,0,0,0,3,1
53,58.6,184.0,9,1,60,2.4,1,0,0,4,0
65,111.2,102.3,14,1,12,9.4,1,0,0,1,1
32,74.8,181.5,11,2,70,5.7,1,1,1,1,0
59,88.6,122.3,10,3,58,5.5,0,0,0,4,0
42,83.2,184.3,12,0,8,32.2,1,1,1,2,0
27,105.5,131.6,10,3,41,3.0,0,1,0,4,0
27,61.3,158.4,12,3,59,9.0,1,0,0,1,1
47,54.9,152.4,8,2,35,12.5,0,0,0,4,0
34,91.3,148.0,6,0,28,32.2,1,1,1,5,0
23,101.8,135.7,7,0,20,4.2,0,0,0,3,0
40,94.3,109.5,13,3,38,25.1,0,0,1,3,0
52,62.3,206.2,6,3,71,9.3,1,1,1,2,0
34,104.0,79.2,5,5,44,9.6,0,0,0,2,0
68,64.2,120.2,3,3,52,16.5,0,0,1,1,0
59,70.4,120.7,18,2,57,27.7,1,0,1,3,0
45,58.6,138.1,13,0,57,7.3,0,0,0,5,0
67,121.4,100.7,8,3,29,13.2,0,1,0,1,0
40,102.7,134.2,9,3,56,11.9,0,0,0,3,1
25,101.9,112.4,8,2,24,11.5,0,0,1,5,0
19,119.9,48.8,3,2,43,18.4,1,1,0,3,0
67,163.8,120.4,12,0,22,6.1,1,0,1,4,0
68,37.1,70.5,7,0,68,8.1,0,1,1,2,0
57,64.3,42.0,15,1,53,2.5,0,0,1,4,0
23,67.7,126.2,8,2,43,15.6,1,0,0,5,0
33,61.2,142.0,8,1,33,11.1,1,0,1,3,0
20,54.8,143.7,9,2,38,27.2,0,1,1,4,0
20,76.6,145.5,14,1,57,4.1,1,1,0,4,0
31,50.9,33.0,17,0,20,34.8,0,0,0,1,0
48,94.4,58.8,9,1,60,17.4,0,0,0,1,0
21,86.4,208.8,9,1,21,16.9,1,0,0,4,1
70,98.5,72.9,14,3,11,6.7,1,0,0,2,0
42,99.2,147.5,13,0,54,8.7,0,0,0,3,0
31,101.9,89.1,9,2,52,7.6,1,1,1,3,0
45,74.5,123.6,9,1,25,24.1,1,1,0,4,1
59,144.4,91.5,13,2,47,2.1,1,0,0,5,0
34,91.6,145.3,15,3,53,9.7,1,0,0,5,0
20,32.9,126.2,12,1,57,10.3,0,0,1,1,0
20,56.9,99.8,4,3,69,7.4,1,0,0,4,1
63,36.3,72.7,12,3,62,5.0,0,0,0,4,0
23,85.5,132.0,9,2,32,1.1,0,1,1,5,0
51,81.6,65.4,13,4,17,9.8,0,0,0,3,1
38,71.9,139.2,12,1,8,15.6,1,0,0,3,0
59,141.3,238.2,14,0,42,11.1,0,0,0,3,0
21,100.4,180.8,12,2,48,5.0,0,0,0,2,0
65,105.3,152.3,6,3,50,10.4,1,1,1,2,0
55,58.9,116.1,15,1,1,27.4,0,1,0,4,0
41,57.0,32.8,14,1,51,6.3,0,1,1,1,0
28,86.0,60.5,11,0,57,12.3,0,1,0,4,0
69,89.8,177.7,17,1,52,13.6,1,0,0,5,0
34,33.0,84.5,9,1,38,3.2,0,1,0,2,0
43,80.0,88.5,15,4,2,8.4,0,1,0,2,0
38,85.4,112.5,12,4,36,8.5,0,0,0,3,0
30,79.0,72.2,7,3,47,10.8,1,0,1,5,0
40,62.2,64.8,9,0,41,23.5,1,1,1,1,0
26,69.9,117.7,7,0,42,3.9,0,1,1,3,0
18,80.0,79.9,13,1,38,24.5,1,0,0,2,0
33,87.5,86.7,10,2,40,16.4,1,1,0,5,0
23,101.9,84.8,16,1,24,35.4,1,1,0,5,1
39,115.3,143.5,9,6,44,1.5,0,1,1,1,0
63,76.8,109.6,9,2,21,0.7,0,0,0,1,0
26,72.2,112.0,9,1,36,48.0,1,0,1,1,0
18,97.3,146.9,10,0,30,3.1,0,1,0,5,0
23,102.1,113.6,12,2,52,5.3,0,0,0,5,0
44,72.8,107.5,14,2,65,5.4,0,0,1,2,0
32,107.1,141.2,14,0,46,15.9,0,1,0,1,0
43,112.4,150.1,12,0,10,9.0,1,0,1,4,0
19,121.2,113.4,9,5,49,6.0,0,0,1,5,0
35,134.8,123.6,9,2,24,31.4,1,1,0,5,0
39,60.7,84.8,7,1,4,1.2,1,0,0,3,1
40,85.4,81.3,11,1,14,20.7,0,1,1,4,0
47,85.3,154.6,14,2,72,10.1,0,0,1,5,0
59,82.3,140.0,11,0,31,6.0,0,0,1,5,0
42,66.8,140.5,10,1,15,6.6,0,0,1,3,0
62,43.4,132.6,11,2,10,8.3,1,0,1,2,0
