sqft,bedrooms,bathrooms,age,distance_to_downtown,school_rating,crime_index,lot_size,condition_score,garage_spaces,region,price
2018,2,1.5,45,9.87,9,47.4,7794,6,2,West,470654
1278,2,2.5,5,4.15,6,48.5,5763,2,2,West,414129
2263,4,4.0,35,14.4,3,43.8,7080,3,2,South,471254
2367,4,3.3,20,11.08,8,41.2,9845,7,1,West,694729
777,1,1.0,22,16.85,4,77.8,6430,9,0,East,178606
1134,1,1.0,57,9.12,3,74.9,8824,1,0,West,169353
1920,2,2.0,36,0.95,6,58.0,2858,2,1,West,431334
1676,2,1.6,36,3.86,5,48.1,5765,3,1,North,441099
1841,5,3.1,21,10.83,3,61.1,6861,10,2,West,530110
1381,2,1.4,22,17.93,9,51.3,11031,1,3,West,374880
2334,4,3.2,41,7.52,7,46.6,2488,2,2,West,573358
2278,3,3.9,2,15.43,10,56.1,6588,5,3,North,706071
1886,3,1.6,14,7.66,6,42.1,10005,4,2,West,545915
2470,3,1.8,36,10.92,6,54.5,5073,1,3,East,609227
2107,1,1.6,37,6.83,9,53.7,6332,6,3,South,506155
1377,1,1.7,5,16.22,3,60.9,7530,7,0,West,347477
2053,2,1.3,47,21.35,5,38.9,7206,2,2,East,374557
1323,1,1.0,32,20.31,9,62.8,10245,7,2,West,350284
2333,3,3.2,14,35.0,5,33.7,7787,1,3,East,505814
1823,4,2.2,45,4.3,10,39.7,9721,8,2,South,526393
1748,3,1.5,59,9.85,5,40.5,6008,3,0,West,358147
1475,3,2.6,25,4.38,6,30.7,5171,3,0,East,410005
2522,4,4.9,17,15.79,10,68.3,6303,2,0,South,549184
1765,3,2.5,17,3.35,4,32.6,4250,9,0,South,419170
1614,2,1.9,35,16.4,10,37.4,7864,6,0,North,480980
1656,3,3.6,2,8.64,3,72.6,5951,7,3,East,496896
2143,4,5.0,29,7.04,5,39.7,5322,3,1,South,518268
2051,3,2.4,1,7.64,7,46.6,7897,1,2,West,638107
2077,4,3.8,2,2.86,7,31.8,4284,1,3,West,667722
2087,4,5.0,25,3.08,10,65.0,8495,5,2,West,683551
3028,4,2.7,44,8.75,10,65.2,5748,4,1,South,723301
1626,2,2.5,53,8.71,8,63.3,9350,8,1,East,435856
1568,1,1.0,5,4.54,8,59.7,5936,8,3,North,551545
1402,2,1.9,14,6.1,5,51.3,8190,4,2,West,430256
2189,4,3.6,25,10.43,9,40.6,7195,5,3,South,649174
2471,3,2.1,34,3.93,8,35.3,8437,4,0,West,655620
1787,3,2.1,59,1.43,3,73.2,7042,7,0,South,317559
1388,3,3.0,41,19.14,9,63.8,3141,7,0,South,334495
1397,3,3.5,32,9.18,5,37.5,9019,7,2,West,434481
2208,5,4.7,3,5.2,6,50.7,6607,1,2,East,636864
2259,4,3.8,4,4.37,6,44.6,8537,4,1,West,681834
2149,3,3.2,9,3.89,9,29.7,8319,10,1,West,734978
1484,4,3.1,39,15.75,5,53.2,5099,4,2,South,334099
1978,3,3.3,19,2.45,6,42.5,4787,2,3,South,451676
1914,4,4.4,14,9.84,3,32.9,8242,2,3,East,526037
1970,3,4.6,40,9.83,5,23.4,6133,1,1,West,485136
2329,3,2.5,48,12.49,3,21.9,8860,8,2,West,677506
1973,2,1.5,26,5.58,7,43.3,6408,1,0,South,439567
2223,3,3.3,52,18.11,10,48.5,9052,6,3,West,569518
1887,2,2.4,44,12.73,6,34.2,7731,4,0,South,351719
2009,4,3.4,42,5.44,10,61.7,7434,1,1,East,570100
2197,5,4.5,52,4.2,10,48.8,5977,9,2,West,668908
1049,1,1.2,11,6.78,3,60.4,7311,8,3,West,326241
1674,3,2.2,45,5.3,7,46.7,9424,9,0,South,463152
1591,2,1.5,57,3.66,7,35.8,6681,10,2,South,453005
1499,2,1.9,59,7.88,6,52.1,7969,10,0,South,374604
1699,3,3.5,34,6.13,9,27.3,6902,8,0,North,599575
2672,4,3.4,45,20.9,6,59.7,7074,6,1,South,531343
1374,4,2.5,53,5.3,3,33.1,10592,7,2,West,428146
2383,3,1.5,51,4.17,7,66.5,9444,5,1,South,520536
924,2,1.0,53,7.52,4,43.9,6975,2,3,South,191064
1666,3,1.9,49,8.98,5,69.1,7272,4,2,West,422544
1940,4,3.7,22,9.46,7,29.8,5256,5,1,North,603207
2172,3,2.0,43,9.4,8,37.8,6419,1,1,South,439043
2241,3,2.3,24,7.71,5,56.9,7481,9,1,West,594383
2286,3,2.3,48,7.31,6,71.1,8671,10,0,North,615384
1658,2,1.5,48,11.34,3,80.0,8448,5,2,South,211650
1596,3,3.7,56,3.39,6,50.7,4360,5,3,East,362582
2322,4,4.3,35,4.2,7,83.1,8949,9,1,North,695291
1745,3,2.8,28,1.91,7,44.8,6605,5,1,South,527733
1148,3,2.5,9,3.44,5,69.8,4629,7,3,North,391711
1227,3,2.5,38,14.76,3,33.0,9740,6,2,South,301684
1344,2,2.0,33,11.02,7,57.6,10019,3,1,West,364054
2123,4,4.2,30,22.68,8,7.8,7380,8,0,South,554946
1928,2,1.2,40,19.32,3,29.8,8359,2,3,South,355079
2230,3,2.8,51,11.09,7,58.4,8488,3,2,South,417363
1615,2,1.0,8,8.33,3,26.4,9871,7,2,West,462144
1937,4,3.9,25,7.63,6,57.7,8402,8,1,North,588938
2194,4,4.3,43,0.95,8,66.3,3879,10,0,West,626247
1680,2,1.6,49,7.03,8,41.0,11222,8,1,South,411270
2101,4,5.0,46,4.8,8,32.6,9144,1,3,West,637777
1486,1,1.0,47,3.57,9,41.5,5679,9,1,South,398252
1650,1,1.0,51,9.92,4,32.6,4535,5,2,North,379604
1640,3,2.8,57,6.43,9,48.2,7911,1,3,East,442525
1192,2,1.7,36,7.96,5,51.8,6188,6,0,North,350804
2118,3,2.7,14,3.14,5,44.5,7526,2,0,West,590315
1592,1,1.0,33,13.09,9,80.1,8435,5,0,East,341964
1857,3,3.4,42,5.28,5,37.1,5554,5,3,East,446469
2114,5,5.0,6,9.56,3,75.0,4345,1,2,North,525449
2096,4,3.8,45,5.62,8,31.3,7649,9,3,East,645407
2216,4,4.4,32,0.76,8,51.3,5627,6,3,South,567891
1796,2,1.3,56,10.19,7,71.3,7121,10,1,West,398584
1617,2,2.3,12,6.74,4,70.4,3845,5,0,West,414409
1806,1,1.0,54,1.79,8,42.4,6245,6,1,East,437947
922,2,2.6,26,2.82,4,60.0,8373,9,2,West,317051
1054,2,3.3,34,13.35,7,57.6,8133,3,1,East,334174
1123,1,1.0,39,1.87,7,40.3,5066,10,0,East,358836
1302,1,1.0,34,5.17,9,61.1,4230,2,3,North,433334
2070,2,1.4,54,23.94,10,83.5,6835,10,1,East,449237
1352,1,1.7,10,10.37,4,58.5,8034,7,2,South,354138
1642,3,3.2,43,12.15,3,60.2,7691,6,3,North,418332
2565,2,2.0,58,6.02,7,62.1,5673,3,2,West,461135
1654,3,3.5,13,1.63,10,23.7,7455,6,2,North,626144
2256,4,4.1,15,8.51,4,58.3,10105,6,0,East,581835
1337,2,2.7,28,3.0,6,31.7,7251,10,2,North,540800
1737,1,1.4,43,2.75,6,39.4,3207,9,3,South,375225
1327,1,1.9,57,7.83,5,88.9,7247,5,3,West,285518
1664,4,4.1,47,3.18,8,45.4,11297,4,0,North,504799
2312,1,1.4,47,7.2,5,36.7,3968,4,0,East,485501
900,1,1.0,26,4.31,6,70.7,6865,4,0,East,251764
2089,2,1.4,38,7.03,9,32.9,6302,1,3,West,577108
1981,4,5.0,12,4.92,6,41.9,7011,1,1,North,639655
1523,2,2.0,27,7.17,3,72.5,7227,8,2,West,419449
1055,2,2.4,11,18.31,10,50.8,9308,3,1,South,357096
1890,3,2.9,1,12.33,5,21.9,6987,5,2,South,506051
1559,4,3.4,51,6.6,9,59.8,9610,7,3,South,553483
1978,3,2.8,48,16.46,9,42.9,6541,7,1,South,425914
1862,3,3.8,30,9.66,7,77.7,6030,4,3,South,413846
2731,3,3.2,0,15.74,3,39.1,5328,8,1,North,734254
1718,4,2.6,5,2.08,10,68.9,2802,2,0,South,498525
1287,1,1.0,6,3.21,8,82.0,7407,5,0,East,405414
1949,3,4.0,43,8.44,6,34.7,11319,2,1,South,489048
1971,3,2.7,12,6.48,9,46.5,7808,6,2,North,579993
2598,3,1.5,15,7.18,9,57.0,8311,1,3,South,667990
2309,4,5.0,51,10.75,9,34.6,5891,10,3,South,627127
2046,4,4.3,52,8.5,4,54.9,6262,7,2,East,538732
2655,4,3.8,45,13.12,8,46.0,8966,3,1,West,575763
1196,1,1.0,18,12.89,5,45.6,11219,7,0,East,362088
1498,2,2.6,34,3.35,3,50.9,10073,4,3,East,382115
1340,3,2.4,12,0.79,5,51.3,8572,6,1,North,513355
1636,1,1.6,51,3.16,3,52.9,6877,2,3,West,369171
1093,1,1.2,5,2.99,3,39.2,7261,6,2,South,341682
2199,4,4.0,44,7.57,8,40.0,5142,2,3,South,490514
1728,3,2.9,30,7.5,7,47.9,3614,2,3,North,492136
1041,2,1.7,45,6.2,6,49.2,4321,6,2,North,337109
1291,3,3.5,27,9.91,4,42.1,6910,6,2,West,427374
2022,3,2.2,9,30.72,9,55.8,6158,3,0,South,449536
2311,4,2.7,45,6.1,8,17.3,3567,1,0,South,529837
2948,6,5.0,37,8.69,7,36.9,6718,5,2,North,754108
3453,5,5.0,27,7.18,4,45.0,6099,10,2,West,880534
2078,3,3.1,22,4.58,3,34.6,4220,8,2,West,670923
1306,2,2.1,20,10.81,3,79.3,5986,1,1,West,330735
677,1,1.0,28,5.87,3,50.3,6094,10,2,West,171779
1997,3,3.4,15,3.83,10,53.2,5443,5,3,West,646004
1403,1,1.0,16,4.07,5,41.3,8839,6,0,South,407744
1622,4,3.5,16,13.44,8,49.7,2614,1,1,North,466198
1513,3,2.6,0,10.63,10,28.1,2431,4,3,South,477434
1773,2,3.2,55,4.98,10,46.9,6807,8,0,South,465194
2436,4,2.6,14,9.8,5,33.1,7011,4,1,East,636671
1936,3,3.1,9,7.24,6,45.0,7689,2,1,North,526881
1763,3,1.6,9,8.79,6,5.0,5614,1,2,North,593045
1280,2,1.7,59,4.48,3,29.7,4781,10,1,East,342181
929,1,1.0,28,3.07,9,76.4,6784,9,3,North,372344
1583,3,1.3,19,5.85,7,64.9,5829,1,0,North,470250
1820,4,4.1,24,3.54,5,73.7,10212,10,1,North,538935
2822,5,4.5,5,3.32,7,75.0,6087,9,2,East,767102
1922,3,1.3,18,2.2,8,62.1,6683,4,0,North,539533
2391,3,3.4,14,0.8,3,41.8,12246,7,3,North,793898
1575,2,2.8,48,5.05,8,31.3,6372,3,2,North,461201
1198,2,2.8,3,15.11,9,70.6,8024,3,3,West,339790
1319,2,2.1,25,12.72,8,51.2,8222,8,1,North,442449
1451,3,2.8,47,20.08,7,94.9,8409,3,1,North,331976
3021,3,3.7,50,3.2,3,43.4,7437,4,3,West,713843
1398,3,4.0,30,11.29,8,85.5,7226,4,0,West,469915
2311,3,3.6,13,6.58,9,47.2,7021,2,1,North,721193
1353,2,1.1,20,4.08,6,74.0,5533,9,1,South,367165
2362,3,2.9,13,13.99,7,80.5,7516,7,1,North,589033
2062,4,4.1,39,6.63,7,31.6,11263,9,1,East,691866
1764,4,2.5,17,1.43,3,41.3,9464,6,2,South,472674
1828,4,4.1,37,12.63,5,31.4,7469,2,0,West,446983
1490,1,2.4,39,9.35,9,27.9,8683,3,3,West,457624
2095,4,4.2,56,7.88,10,62.0,4888,4,3,East,501649
1600,3,3.8,22,2.68,5,46.5,6227,10,0,North,539177
1176,1,1.0,57,8.55,6,50.9,8885,3,3,West,290713
1147,2,1.7,24,18.34,10,60.0,10072,7,1,East,407072
1945,3,3.1,40,9.17,4,16.6,5104,2,0,West,459184
2719,5,4.2,39,1.91,5,73.2,5736,10,1,North,678736
1938,3,2.1,49,9.65,3,43.7,11599,7,3,East,419829
1785,3,3.7,28,9.23,4,59.6,7012,5,3,West,485909
2007,4,4.8,47,11.91,8,61.2,10811,4,2,West,553340
2568,5,4.1,21,9.06,5,74.7,7255,4,3,East,602457
1971,1,1.5,29,3.33,10,48.1,7342,3,1,South,479828
1624,2,1.7,29,7.58,10,11.8,6128,6,3,South,526599
2458,4,4.0,42,5.93,10,51.0,8874,9,2,East,764232
2086,2,2.1,37,8.24,8,53.6,9787,3,0,West,499878
2695,4,4.5,4,14.33,8,31.4,4523,8,0,East,750579
1951,4,3.9,48,4.3,7,52.7,6025,6,1,North,597688
1177,1,1.8,45,22.04,10,43.5,8813,8,0,North,355150
1098,2,2.0,6,9.61,3,25.8,6515,8,1,East,382838
2758,4,4.2,57,12.68,8,62.1,5715,1,3,West,609011
2798,4,3.2,39,11.57,4,39.9,9021,1,0,North,582153
1751,4,5.0,5,9.35,5,42.7,9228,10,2,South,570520
1639,2,2.1,29,10.55,5,41.7,5811,2,3,West,420718
2654,4,4.3,50,0.5,7,72.2,7267,6,1,South,628037
1241,1,1.0,16,11.55,9,49.3,4141,8,2,North,410196
1358,4,3.2,55,3.55,3,51.4,4830,6,1,South,299540
2204,4,4.7,25,6.92,7,42.1,7073,1,1,South,589563
1633,2,2.0,13,9.3,4,58.3,6869,1,3,North,504197
1847,3,1.5,21,14.75,3,74.3,4673,7,2,East,443825
1760,2,2.5,31,3.56,6,61.7,5225,9,1,East,446352
2036,4,3.4,41,5.15,7,62.4,4457,4,3,East,534785
2624,4,4.8,55,5.7,4,60.9,7801,6,3,East,592917
1900,3,2.7,11,8.31,6,25.2,2471,10,3,North,649259
2204,3,2.9,57,5.97,10,34.2,4575,9,3,North,641736
722,1,1.6,31,10.59,5,46.3,2702,6,1,North,196302
1823,3,2.2,7,1.48,10,36.9,7722,7,1,North,665779
1386,2,1.1,55,6.53,9,30.8,2834,10,0,West,464683
1180,2,1.7,20,19.5,5,16.3,6870,8,2,North,428067
1367,2,2.4,37,5.98,7,25.8,10407,5,3,East,473300
1666,3,1.9,41,9.63,8,45.4,10482,7,2,North,540938
2354,3,1.6,0,13.29,6,48.8,2827,4,2,North,626968
1120,4,4.4,13,9.42,6,35.7,7457,10,3,North,549891
1867,2,1.4,41,23.3,5,51.4,4624,1,0,South,255351
1584,3,2.5,19,7.71,4,42.2,4175,3,1,East,406912
1670,4,2.5,0,10.95,3,69.6,6550,4,2,West,509834
2402,3,2.3,1,8.55,5,47.1,9502,3,0,North,648920
2146,5,4.8,49,17.03,9,62.5,8119,6,3,East,566919
2586,5,5.0,9,5.35,4,53.7,5227,8,0,West,713731
1765,3,2.3,6,24.49,4,24.8,8351,9,3,South,456089
1467,2,3.0,33,4.39,5,48.4,1864,6,2,North,424483
1727,2,1.3,7,20.7,7,27.8,5144,7,3,North,540346
1983,3,2.3,39,3.22,4,48.1,4987,6,3,North,519659
1947,3,3.9,32,11.18,4,36.6,6972,1,2,West,473414
1254,3,2.9,38,7.24,3,56.9,6354,8,3,South,290801
1900,3,2.4,29,13.11,5,25.8,6489,1,1,East,450627
1976,2,1.7,46,9.8,4,50.3,6416,6,2,West,476225
3235,6,5.0,38,12.65,9,60.3,6849,10,3,South,798148
2882,5,5.0,24,3.12,10,66.3,7988,8,0,East,736899
1381,3,2.2,0,1.76,5,36.2,7129,6,1,North,548709
1692,3,2.8,16,2.7,3,50.3,6174,4,0,South,404662
1045,1,1.0,7,2.64,3,53.3,7684,9,2,North,373266
1525,2,1.1,0,3.09,5,77.8,8617,9,3,South,471186
2024,2,1.8,16,4.62,6,23.3,5577,4,0,South,456232
2513,3,2.8,12,4.59,7,33.6,6669,2,2,East,701355
1449,2,2.6,4,7.36,5,95.0,9356,6,1,East,398168
1490,2,2.6,18,3.77,5,45.1,4374,7,3,West,403561
669,1,1.0,30,4.02,5,16.0,10770,10,0,North,384888
1761,1,1.0,10,6.25,7,39.5,3854,9,0,West,520836
1266,1,1.3,16,14.31,8,5.0,6040,3,0,North,418251
1559,3,2.4,1,5.28,3,54.3,4710,3,1,West,408017
1368,2,2.2,3,7.02,6,64.6,11613,10,1,West,502381
1798,3,2.7,9,7.86,8,33.6,5693,4,3,East,545676
883,1,1.0,27,3.4,8,41.5,5698,5,1,South,224120
1043,3,2.1,39,5.67,7,66.6,5984,4,0,West,359765
3021,5,5.0,47,4.28,7,18.5,7010,4,2,West,790685
1142,2,1.7,37,13.43,8,26.2,6077,6,0,North,370641
1247,4,4.9,37,12.71,6,45.9,6508,3,1,West,343116
2860,6,5.0,56,3.94,7,36.5,1200,5,2,North,768592
3448,5,5.0,15,6.92,5,44.7,6926,4,1,South,746592
1206,1,2.5,47,10.95,6,27.3,6839,2,2,East,317875
1647,2,1.1,56,9.08,3,53.9,9085,8,1,West,359808
2038,4,2.5,34,9.76,5,47.3,9680,9,3,South,508644
2801,4,4.7,50,3.42,4,59.9,6387,5,1,North,629141
1307,2,1.2,8,20.22,4,53.6,8596,3,3,South,258465
1715,4,3.8,52,4.55,6,53.7,4377,7,2,South,426452
2278,3,2.4,33,4.45,7,24.0,8488,6,2,East,648181
2089,5,5.0,13,2.42,10,58.9,5541,6,0,South,598156
1643,3,2.1,3,6.45,3,44.0,4194,6,0,West,464995
1776,4,3.7,43,15.3,10,47.0,6392,8,2,South,522449
1094,2,2.1,25,9.01,5,68.9,9881,1,1,North,256417
1719,3,2.1,18,6.82,8,37.1,7198,1,1,South,447664
1703,2,1.3,23,12.1,8,74.3,10092,1,3,North,424055
1978,2,1.6,59,15.05,10,76.0,5153,2,1,North,390881
1545,3,1.8,25,12.69,3,63.6,9105,10,1,South,375364
2109,4,3.5,4,1.3,10,32.3,5365,8,2,South,672729
2407,4,3.9,16,12.17,3,10.6,7296,7,3,South,578680
1935,2,1.5,8,10.02,10,69.4,7277,7,3,East,620893
2043,2,1.6,41,3.87,8,52.0,8255,1,2,West,548349
1879,2,1.8,48,10.05,6,36.6,7352,3,0,East,353325
1850,1,1.0,50,15.32,6,71.1,5174,8,0,South,271472
1453,2,2.3,37,4.71,3,34.5,8737,5,2,North,455898
2024,4,4.8,46,13.29,9,42.4,10610,6,2,North,616316
1796,3,2.5,25,9.15,8,59.4,5516,8,0,East,557755
3001,3,3.1,37,0.5,10,30.0,2762,1,2,East,767666
2715,4,3.6,6,7.19,8,48.0,7899,8,3,North,836490
2062,3,3.1,32,8.9,10,69.6,6071,7,0,North,561024
1430,4,4.9,33,5.84,10,53.8,6512,5,3,South,489632
1238,1,1.2,1,9.39,6,72.5,8024,5,1,South,275825
2505,4,2.6,32,6.65,8,70.4,5796,1,1,West,635248
1995,4,4.1,43,27.64,5,50.1,6209,3,2,North,455855
2114,4,4.7,22,5.54,9,7.9,6580,3,0,North,668279
890,2,1.6,32,3.96,7,30.1,10033,9,0,South,375962
2360,4,4.5,17,12.85,6,63.7,6866,2,3,North,697163
2100,3,2.3,16,6.08,8,22.1,4082,3,1,North,620806
1239,3,1.8,7,6.91,5,44.1,4169,2,0,South,331806
1591,2,1.9,19,6.49,7,56.1,7106,3,2,South,385676
1995,4,2.6,48,12.39,6,76.5,4315,1,0,North,416563
1879,2,1.6,56,3.07,5,39.6,3363,3,3,East,366714
1689,3,3.7,38,13.27,10,38.4,8198,8,0,South,488359
1793,3,1.5,37,10.58,3,49.1,8306,8,2,North,479991
1711,2,1.0,36,22.09,9,56.3,5990,4,1,West,462196
1934,3,2.1,28,8.42,4,47.2,7446,8,3,South,413537
2659,4,3.8,25,3.27,4,68.9,7214,7,2,West,666740
500,1,1.0,37,8.49,4,35.6,8125,10,3,West,313156
1720,2,2.8,47,9.24,3,52.2,8130,9,0,South,359638
1947,2,2.5,24,16.18,3,58.0,1200,3,1,North,400387
2013,3,3.1,33,3.26,9,42.8,6271,6,3,West,596966
1645,2,1.9,28,1.91,10,65.1,7939,8,0,South,446976
884,2,2.1,17,8.61,7,52.7,5897,4,3,North,302601
2030,2,1.2,17,22.7,3,64.2,6880,6,3,East,393865
2800,4,4.4,4,11.64,9,53.5,8452,5,2,South,694304
1006,1,1.0,26,12.1,7,56.8,6978,4,0,West,295760
2325,5,5.0,42,2.36,7,38.6,10117,2,3,East,621815
1669,3,3.6,41,7.64,10,38.6,9279,1,3,West,507657
1816,3,2.9,59,16.38,6,72.0,6539,8,1,West,394940
1271,2,1.7,2,9.31,5,61.4,6364,9,2,East,416216
1666,1,1.1,45,1.78,9,31.6,1200,7,0,South,402547
2565,4,1.8,47,7.53,7,53.3,6082,3,1,West,551584
2170,5,5.0,26,11.1,8,7.3,3823,1,0,West,626421
2803,4,3.7,16,6.95,8,39.7,7287,7,2,West,833621
2498,4,3.8,21,3.61,9,67.3,7136,2,2,West,681876
2091,4,4.3,40,13.11,5,47.7,8331,6,2,East,508241
2809,5,4.7,51,5.37,3,52.1,9873,10,2,South,652982
2091,2,1.0,38,9.93,6,5.0,6742,1,3,West,459292
2305,2,1.7,30,7.39,8,42.9,11817,6,0,North,645723
1687,3,2.8,39,5.22,9,56.1,7311,10,0,North,552761
1887,2,1.9,4,24.32,5,58.4,3918,4,0,South,320073
1466,3,2.9,36,4.77,8,67.3,5563,9,3,East,446391
2394,3,3.5,2,7.84,9,46.2,5980,9,0,East,700403
1202,1,1.0,57,7.37,9,47.0,8103,5,0,North,401412
2280,2,1.9,53,8.46,9,26.0,4716,4,0,North,622280
1745,1,1.7,30,23.18,10,46.3,6144,7,3,North,470676
2494,4,2.6,22,11.11,8,27.3,6446,7,2,South,633006
2263,3,2.9,43,5.18,5,16.7,5814,5,3,North,611562
2851,4,3.4,38,18.72,6,30.5,8585,2,0,East,647660
2252,4,3.5,42,12.42,8,77.2,8211,8,1,South,527414
985,2,1.2,30,5.26,4,45.1,9366,3,2,South,255603
1813,3,2.7,14,16.91,7,54.0,6072,2,0,South,415532
1205,1,2.1,4,2.34,7,40.8,9446,1,3,South,369023
1565,3,1.9,16,2.96,8,17.8,3799,5,3,West,607386
2681,5,4.0,31,1.66,6,66.9,3746,2,0,North,657591
2201,4,2.9,25,0.98,8,10.9,4130,4,3,South,598314
1466,3,4.0,30,16.14,3,40.0,6820,3,1,East,339581
1292,1,1.0,16,8.54,8,49.0,9445,5,1,North,493101
1868,4,3.8,56,1.82,9,54.1,5475,8,3,West,567484
1181,1,1.0,22,7.23,10,36.9,5751,5,2,West,471072
1481,3,2.1,50,13.56,10,16.9,6325,6,0,East,426535
2022,2,1.6,23,4.12,5,35.6,8060,2,3,West,512643
2485,3,4.5,26,5.84,3,36.5,5749,2,2,South,568382
2185,5,5.0,36,25.05,8,36.1,5626,10,0,South,515893
590,1,1.0,15,6.26,3,67.5,3840,7,2,North,268677
2017,4,4.3,13,1.98,5,28.2,5542,1,2,North,627937
1890,3,2.2,22,4.93,8,55.4,9390,6,1,South,484548
2078,3,1.6,48,1.7,7,52.8,7000,1,1,South,435931
2739,5,5.0,8,11.73,7,67.3,5172,1,3,South,615010
715,1,1.6,26,3.65,9,47.6,9520,4,0,North,366742
1525,1,1.5,40,3.55,4,64.2,5513,7,2,East,433190
2175,3,2.5,42,26.5,9,46.9,9924,7,3,North,563768
980,2,1.7,26,2.68,7,57.8,9888,8,3,South,377742
2662,4,4.3,4,2.25,6,22.9,6923,2,1,North,776719
2053,2,2.1,0,3.1,6,5.0,3503,2,1,East,592506
2316,3,2.5,28,13.85,7,56.8,11837,6,3,South,553822
1536,2,1.0,48,10.71,7,57.8,7652,9,1,West,389776
2298,3,2.9,1,4.88,5,58.6,6087,8,2,North,691099
2438,3,3.6,53,4.53,4,40.6,8903,7,2,South,544738
1978,3,2.0,40,10.15,4,76.8,8345,1,2,West,374132
1979,2,2.2,0,8.77,5,41.7,9684,9,2,North,674943
1999,4,4.0,20,6.57,5,57.6,5343,10,1,South,538517
1375,3,3.3,13,10.96,7,60.7,7501,6,1,North,468303
1769,3,3.4,56,2.92,10,80.9,4191,4,1,North,531778
1766,2,1.3,33,3.7,3,44.3,8266,7,2,South,350539
2061,3,1.7,19,11.35,5,38.2,6750,7,3,North,635548
2400,3,2.4,16,9.28,3,23.0,7418,10,2,South,579345
1268,1,1.4,33,7.61,10,77.9,6478,2,2,West,366118
1781,2,1.4,0,25.91,8,57.6,6248,6,1,North,469417
2665,4,3.3,15,12.63,4,58.2,4890,8,3,North,657756
1441,1,1.0,9,5.0,6,95.0,8539,4,1,West,428368
1398,2,3.0,37,3.98,8,55.9,10077,9,1,South,500529
1961,4,4.4,40,9.59,10,26.6,5575,1,0,West,554650
2314,2,2.3,28,16.1,7,46.5,8018,2,1,South,490576
1856,3,3.5,8,1.44,5,32.5,7751,8,2,East,613229
2581,4,4.2,22,9.11,8,42.9,6818,2,0,West,733020
2321,4,3.6,50,5.77,8,42.8,3441,5,0,North,539956
2313,4,3.7,12,8.54,8,39.4,3936,3,3,West,675404
2155,2,1.5,9,2.1,3,24.9,5082,7,3,East,568918
3130,4,5.0,6,16.1,8,78.7,2094,1,1,West,626284
1737,3,3.2,49,18.99,3,55.4,9898,4,1,North,373023
748,2,1.5,7,11.86,10,45.9,7609,10,2,South,432240
2732,2,2.1,34,21.49,10,63.6,6734,4,3,North,623548
1598,3,2.1,59,5.55,7,58.5,1981,6,1,West,424938
1909,4,4.9,38,8.96,8,55.0,2787,10,0,North,633889
2570,4,3.3,24,11.98,3,62.3,6795,7,1,North,623729
969,2,2.2,12,9.68,9,52.4,11135,8,1,West,448275
1162,1,1.5,0,6.11,5,62.1,5263,10,2,South,306974
969,1,1.1,9,6.62,5,63.6,8700,7,0,East,294984
1413,1,1.0,57,17.88,8,52.9,5744,9,2,South,332835
2092,1,1.0,8,7.33,10,46.0,6922,6,0,East,596230
2138,4,3.8,1,15.5,6,77.5,9472,9,3,North,662498
2002,2,1.4,48,7.05,7,41.4,6039,7,2,South,470673
1073,1,1.0,25,15.44,7,57.0,5282,4,0,East,339261
579,1,1.8,21,7.91,5,57.5,9920,6,3,South,204711
1880,2,1.7,43,11.31,7,39.0,6900,4,2,South,473820
1591,2,1.2,31,4.4,10,35.5,9201,4,2,North,553008
2103,3,2.4,54,8.95,6,43.6,5292,3,0,East,511045
2236,4,4.6,28,4.45,9,41.1,9895,5,0,North,661223
1926,3,3.3,42,5.45,9,23.8,7402,4,3,South,545410
2268,4,4.2,52,5.79,9,38.3,7757,7,1,South,582473
1976,3,2.6,27,6.54,8,54.8,7090,4,2,South,502945
2142,5,5.0,17,14.28,10,72.8,5688,5,3,East,657995
1462,1,1.0,58,5.28,8,60.0,6796,2,1,South,295915
1751,3,2.6,13,8.31,10,5.0,5826,4,1,West,656478
1958,4,4.5,2,15.47,8,61.5,8911,4,3,East,558988
2301,5,5.0,34,11.15,9,40.0,6353,10,0,West,673218
1633,1,1.0,59,1.48,10,58.2,3508,5,1,East,410624
2137,3,2.2,5,2.04,10,49.7,3105,1,3,North,653428
1704,4,3.9,50,9.81,7,46.5,3001,4,0,West,432302
1785,3,4.0,49,5.08,8,48.2,8160,8,1,West,517479
2306,4,2.5,55,1.77,10,49.6,4267,2,1,East,610484
754,1,1.0,25,4.79,6,74.2,7460,2,0,North,232713
1137,1,1.0,15,10.06,3,49.6,7100,4,0,North,367258
1035,2,1.4,30,5.74,10,69.5,6658,4,1,East,342274
567,1,1.0,8,7.74,8,66.9,7764,5,3,South,264080
1477,2,1.5,50,6.14,6,62.0,7148,1,0,East,324200
2262,4,3.4,39,4.27,8,17.8,1200,8,2,South,583818
1693,2,1.8,28,8.82,3,70.1,6088,3,1,South,317599
1959,3,2.4,30,1.59,6,41.8,7735,8,3,North,693589
2449,6,4.8,42,3.84,5,62.9,10409,6,1,North,684812
2580,3,3.3,31,12.6,5,32.5,10510,3,3,North,696677
1812,3,3.3,50,2.1,10,28.7,3801,5,1,West,585418
2594,3,3.4,55,7.46,7,85.6,6031,1,3,East,535612
1901,3,1.7,56,5.4,4,32.8,3355,8,3,West,492726
1389,2,2.0,37,5.01,5,70.6,10144,4,1,West,388511
1523,3,3.3,44,13.41,4,52.1,9028,4,2,West,409318
1036,3,2.1,18,15.18,10,42.4,7571,2,0,South,266836
1362,2,1.8,2,3.09,5,49.2,7165,4,1,West,454616
1653,3,2.7,24,6.58,5,26.6,9837,4,1,West,500331
2292,2,3.1,52,1.17,5,49.8,9465,3,3,East,530666
2796,6,5.0,8,12.91,4,30.5,9348,10,3,North,886172
1090,2,1.0,32,7.18,9,42.9,7805,3,3,East,344515
2066,4,5.0,11,1.97,7,66.7,6032,2,3,North,585518
1278,1,1.0,25,4.0,6,54.6,8488,6,3,North,463546
2111,3,3.5,8,2.85,6,23.3,8595,4,3,East,601553
1778,3,3.5,44,3.81,8,65.3,6381,5,2,West,438833
843,1,1.0,48,1.3,3,49.9,6027,8,0,North,305959
2361,4,4.1,45,17.76,10,40.2,9293,1,3,North,637725
1517,3,2.7,42,3.2,7,63.4,10461,6,0,West,474854
1556,1,1.2,14,7.45,4,47.0,5151,1,0,North,371737
1262,3,3.0,31,10.0,7,29.0,6221,1,3,North,378720
1490,2,2.6,6,15.19,9,83.3,7572,1,0,East,336433
2085,3,2.9,22,7.64,4,49.7,7871,2,0,West,495711
1746,2,1.7,30,6.07,7,48.5,5651,4,2,South,375782
2031,4,4.6,40,7.87,7,42.7,10944,10,2,East,640620
2049,1,1.2,5,3.08,9,71.2,7729,10,0,South,551150
2576,4,4.3,48,3.3,7,40.6,7969,2,1,North,679686
1661,1,1.0,27,5.97,8,22.2,10670,10,0,West,573336
1038,2,1.1,52,0.84,9,37.8,5812,7,1,West,404837
2437,4,3.4,31,4.34,10,73.9,6605,6,0,South,622871
1668,4,3.4,32,5.15,5,65.0,4043,8,2,South,413473
2463,4,4.4,41,23.57,8,45.4,6421,5,1,South,536365
2061,3,3.5,49,16.49,4,74.7,3524,3,3,North,429746
1778,2,1.7,9,9.97,9,63.5,8445,6,0,South,388036
2042,4,4.8,30,13.12,10,45.2,7724,8,3,North,704491
2923,5,5.0,1,3.28,5,47.0,6190,7,3,West,841171
2992,4,4.0,28,8.02,7,55.9,6579,2,1,South,673447
1888,3,2.2,48,12.06,9,35.0,8475,10,2,East,515020
1938,2,2.9,51,3.3,3,50.1,4301,3,1,East,389837
2442,4,3.8,17,2.05,8,55.6,7249,9,2,West,711275
1385,1,1.0,23,9.26,9,19.6,8339,4,3,West,510224
2033,4,3.6,33,2.28,9,46.6,2879,1,2,South,462360
1836,3,2.2,23,10.61,4,44.5,8307,10,2,North,526001
2023,5,3.8,10,15.02,9,68.5,3117,6,3,West,615809
1392,1,1.2,18,3.39,9,16.8,6541,3,1,North,488578
976,1,1.0,24,3.62,3,43.1,4241,1,0,North,232350
710,3,4.9,31,14.73,8,41.3,9949,2,2,North,380641
1235,3,2.0,55,7.67,8,67.3,4254,2,2,West,346148
1598,2,1.0,32,13.46,10,49.2,3170,10,0,North,525584
1689,3,3.2,23,6.13,3,82.3,7093,2,2,South,367356
2915,4,4.9,39,6.49,10,61.9,5890,2,0,South,651994
2458,4,3.8,46,7.52,7,42.6,3490,9,1,East,626078
1321,1,1.2,25,20.56,5,54.3,7957,9,3,South,285780
2041,3,1.5,29,12.77,6,43.6,2419,3,2,West,486324
1626,1,1.0,13,4.23,9,65.5,4520,7,2,West,490057
1694,3,2.0,51,8.44,10,26.0,5535,6,2,South,450280
1952,3,1.5,52,5.81,5,35.2,8565,6,0,South,453426
2191,3,2.9,10,5.01,10,58.2,9650,4,3,West,723102
1663,1,1.0,20,10.41,8,72.1,9226,8,1,West,493087
2435,5,3.9,16,9.0,4,10.4,6463,9,3,South,740659
1222,2,1.4,55,3.43,7,74.7,1460,8,3,South,254792
1853,2,1.2,3,7.54,9,47.5,7660,10,0,North,572216
3279,5,5.0,12,4.89,3,16.1,10035,2,2,North,894306
1973,2,2.0,18,9.96,3,5.0,9514,7,0,North,555402
2638,3,3.4,33,4.72,3,22.5,7818,10,2,North,726769
1900,2,2.3,14,6.52,7,49.6,4183,6,1,North,502531
2169,4,4.6,32,5.12,3,48.8,5644,10,0,West,562890
1819,2,1.8,44,1.53,10,61.4,11054,4,2,West,488225
1756,3,3.0,49,19.91,4,40.1,3683,9,3,West,413869
1421,2,2.2,5,7.48,3,30.1,4275,10,0,East,435314
2087,3,2.9,8,20.36,5,42.6,8874,7,3,East,560182
1382,2,1.5,5,7.72,9,50.6,5851,8,3,North,586116
2216,4,3.6,54,11.7,10,54.2,4200,6,2,East,589060
2447,3,2.2,39,4.46,5,35.8,10162,4,3,South,514416
2052,2,2.1,31,4.55,7,66.2,7814,6,1,South,504840
1693,1,1.0,47,7.18,9,38.8,5960,10,2,West,521160
2100,3,2.3,35,20.24,9,34.3,4279,1,2,West,499356
1680,2,1.3,14,3.53,4,40.2,11304,3,2,North,509926
2365,4,3.0,30,1.17,9,69.3,6746,5,3,West,676947
843,1,1.5,42,14.51,9,47.6,9874,4,3,North,303403
1665,4,3.9,2,12.18,8,37.5,8766,7,3,North,629012
755,1,1.0,36,5.35,7,66.7,5654,4,2,North,314693
1028,2,2.4,29,25.33,6,88.6,5672,7,3,North,246293
2600,3,2.4,4,26.02,10,53.8,9982,2,2,East,596281
2342,3,1.8,15,1.42,9,72.2,10018,4,2,South,601309
1454,2,2.5,26,4.37,7,68.6,2671,7,0,North,403638
1024,1,1.0,20,7.14,8,39.1,8010,5,1,West,325678
500,1,1.0,17,9.78,6,50.5,6533,8,3,East,248326
1551,4,3.8,38,8.79,8,26.9,4527,7,1,South,510326
3181,5,5.0,24,7.46,3,46.3,7376,4,2,South,704421
2089,3,2.8,29,3.09,10,38.7,3831,5,3,South,588039
1542,3,2.0,47,10.62,7,42.7,5774,10,1,South,329120
2106,3,3.2,5,11.04,7,36.5,5043,10,1,East,653189
991,1,1.0,21,13.85,4,44.8,5700,1,0,West,232496
1686,1,2.1,4,2.72,7,59.6,6643,8,0,South,455632
1905,3,2.8,55,6.33,3,47.8,4566,5,2,South,380291
1803,3,1.2,11,5.15,10,16.4,10261,1,2,North,635849
2285,3,3.1,49,2.67,8,36.6,7885,7,1,West,607364
2040,3,4.2,11,6.25,6,22.7,10748,1,1,South,565859
2218,3,3.9,19,3.22,9,54.4,6448,4,0,South,622648
1471,2,3.1,36,2.29,9,59.1,5593,7,3,West,495354
2344,4,3.1,49,12.29,3,54.6,10669,9,2,East,520754
2746,3,3.4,10,5.32,3,35.8,5528,5,0,North,696056
1316,3,2.3,12,4.2,5,54.4,6408,9,2,South,444968
1362,1,1.0,52,16.1,3,41.5,8384,9,1,South,215398
2585,3,1.9,19,11.26,7,29.5,4077,5,3,West,695319
1745,4,3.3,12,1.04,7,63.4,8365,2,1,South,454441
2622,5,4.3,44,9.82,7,64.7,8083,7,3,North,711378
1607,3,3.4,5,9.79,3,67.1,9593,1,2,East,385383
2650,3,3.4,52,6.06,10,39.0,8758,9,0,South,654474
1922,3,3.0,52,5.89,10,71.2,9660,4,3,North,611693
1992,3,1.9,51,1.72,7,41.1,6557,8,2,West,519360
2711,4,3.6,17,25.14,3,61.8,4902,8,1,North,628109
1651,2,1.3,6,6.24,6,40.8,11442,5,0,West,580052
1332,2,2.4,25,9.46,8,46.0,3441,10,1,West,488352
1603,2,2.6,20,6.5,8,6.4,3662,8,2,North,551878
2099,2,2.5,57,4.26,4,44.6,8043,9,0,East,454207
989,1,1.0,37,12.92,9,51.6,10375,1,1,West,270054
2201,4,1.9,56,8.26,10,42.6,7217,5,2,East,579119
1554,1,1.0,45,6.28,7,81.6,8998,10,2,East,419107
2481,4,4.8,42,9.39,6,29.1,2409,9,3,North,658448
533,1,1.0,6,6.95,7,39.9,5701,5,0,North,278630
1417,2,1.3,4,21.25,3,33.7,2677,1,3,East,278948
922,1,1.9,2,12.63,7,39.9,8517,3,1,North,370135
1396,3,3.7,35,10.46,3,68.6,3396,6,0,South,341989
1986,3,2.8,12,1.93,3,76.6,3989,7,3,South,438606
1751,2,1.6,59,10.71,7,37.4,7931,10,2,North,477149
1711,3,2.7,7,10.53,7,37.0,9136,1,2,West,481943
1762,2,2.0,56,3.27,10,29.2,6450,4,1,West,537259
1962,3,3.9,40,1.89,7,73.5,8054,3,3,West,530766
1295,2,2.1,6,12.29,10,70.2,7983,10,0,North,476254
2239,3,3.3,3,13.32,9,48.1,6326,2,0,South,539638
2214,4,4.6,23,4.57,5,24.9,4392,3,0,West,579644
2062,3,2.0,20,4.4,10,26.5,8043,3,2,South,598264
2156,3,3.3,18,8.16,6,53.1,8149,2,0,East,626725
2013,3,2.6,31,5.31,7,59.9,8767,7,3,East,586201
2969,4,2.0,7,1.85,3,12.8,7487,6,0,South,720641
1802,4,2.3,7,3.24,4,44.2,4229,6,2,South,461149
1681,3,2.1,41,9.22,7,79.1,8319,10,3,East,420985
1436,4,4.2,59,3.4,5,46.1,6797,5,3,North,475567
1282,4,3.9,16,13.77,7,76.8,5738,4,1,West,413594
1166,1,1.0,55,10.41,3,61.7,6152,4,0,East,172328
1361,2,3.2,20,9.48,5,30.5,5281,9,3,North,544354
1811,2,1.0,20,8.04,8,44.7,8755,6,1,East,519597
2034,3,2.8,5,4.11,7,47.7,3680,2,3,South,554972
1878,2,2.0,25,11.39,10,32.9,4614,7,0,North,594451
1429,1,1.0,29,4.01,10,32.5,6077,8,2,West,513038
2345,3,2.8,39,14.27,9,77.1,10350,3,0,East,495137
2257,3,1.7,9,19.15,3,32.4,9119,6,1,East,532327
1762,2,2.8,11,8.23,7,69.4,3190,6,0,West,514629
1491,3,2.3,25,17.55,4,42.1,9773,2,3,East,349542
2152,3,4.2,4,3.28,5,49.5,9769,1,2,South,569046
1953,5,4.8,8,10.49,4,60.1,4217,8,0,North,542792
1054,1,1.5,37,7.32,6,39.2,1253,7,1,North,370350
1813,3,2.8,57,12.43,3,60.2,6641,8,1,South,353932
1994,2,1.8,34,1.1,7,13.2,9269,4,2,South,501865
1355,3,2.4,8,11.94,4,57.9,10301,6,1,West,414544
1954,4,3.9,59,4.43,7,5.6,4884,10,1,South,590578
1050,2,2.0,31,7.59,8,45.9,10654,3,3,East,327326
2585,3,2.3,43,24.87,4,65.4,1899,7,2,West,453541
2536,4,3.7,11,10.73,3,61.2,5990,2,3,West,595039
1711,2,1.4,34,9.79,9,26.6,5882,1,3,South,499436
2050,4,5.0,4,9.25,8,28.9,9335,10,3,West,725426
525,1,1.0,37,15.26,5,37.6,9656,2,3,West,204467
1214,2,2.9,12,12.71,10,53.4,8899,7,2,North,513066
1688,1,1.0,54,9.32,4,13.4,3829,6,2,South,328615
1260,1,1.0,3,8.54,10,49.8,8698,9,2,North,542519
2243,4,2.9,39,8.15,3,55.6,7920,6,0,East,490737
2949,6,5.0,8,7.04,8,44.9,3123,7,3,East,817998
1203,3,2.9,41,2.68,3,59.5,2253,9,2,South,242591
1389,1,1.9,29,10.58,4,54.0,9084,9,3,West,415103
1979,3,3.0,58,4.79,6,40.3,6404,8,2,South,511971
2736,5,5.0,39,6.43,3,15.1,3973,2,1,South,601481
1178,1,1.2,22,13.29,6,52.4,6342,2,1,West,342738
1987,3,3.9,5,7.16,4,32.8,7601,5,3,West,625515
2852,5,4.8,35,6.76,3,39.6,6618,7,2,West,718559
942,1,2.5,26,8.24,10,58.6,3386,7,3,North,386289
1145,1,1.0,3,5.83,10,75.5,10948,8,2,North,478833
1617,2,1.3,34,24.53,10,49.3,9009,2,2,North,374889
1564,2,1.0,12,22.42,4,60.0,6062,2,0,South,243685
2297,3,4.4,14,22.05,6,24.0,6151,2,0,North,593095
1983,3,3.4,0,9.27,5,54.4,7591,6,2,West,646023
874,1,1.0,22,4.55,5,48.9,4315,7,0,East,302540
2133,3,3.7,13,13.52,6,72.1,7510,2,0,South,421745
1532,3,3.3,4,5.87,7,40.3,3872,9,3,South,464715
2551,4,5.0,26,14.31,6,45.7,6645,4,2,South,582918
1505,2,1.0,13,4.38,5,69.1,4229,7,0,South,385346
1500,2,1.6,8,9.74,10,48.3,4340,8,1,East,497010
2148,2,1.5,28,15.64,10,30.0,10421,1,1,North,605987
2270,4,2.4,3,6.11,5,95.0,6930,9,0,West,592561
2096,3,3.5,59,6.1,4,30.6,7256,10,2,North,613166
923,1,1.0,28,2.08,7,48.8,2375,10,1,South,251482
2146,4,4.3,59,4.49,5,56.2,5487,2,3,West,562274
1281,1,2.5,52,9.15,10,54.8,7815,4,0,North,354450
1979,1,1.0,58,10.12,6,46.6,7227,3,3,North,480238
1067,2,1.5,32,11.14,3,46.7,2061,5,0,East,223260
2095,3,2.9,25,1.38,4,45.8,7256,10,3,South,565905
1406,2,2.5,43,5.89,3,29.9,7606,8,3,North,441725
1145,1,1.0,4,2.32,6,88.7,9624,8,1,North,429836
2243,4,3.4,50,8.83,5,46.0,5358,5,1,North,571820
1983,4,4.5,19,1.72,9,60.7,1867,10,0,East,663902
1512,3,3.1,0,2.97,10,44.0,4607,10,1,North,692097
2648,4,2.4,14,12.57,4,43.6,4386,9,2,West,687818
1608,1,1.0,14,4.91,10,41.8,8421,9,2,West,643803
1868,3,3.9,0,17.65,7,22.1,1200,7,0,North,590883
1998,4,4.1,40,11.34,5,47.1,5814,1,0,South,440240
1509,3,2.3,5,6.14,6,42.7,9937,3,2,North,539178
2109,3,2.7,50,13.9,6,71.1,6816,8,2,South,419121
1557,3,2.8,27,6.53,4,28.5,8772,4,3,North,505952
1624,3,3.3,43,12.1,9,39.6,3188,2,3,West,471686
2599,5,3.8,20,4.32,3,33.8,3276,10,2,South,658651
1278,1,1.0,7,14.43,3,76.0,9962,5,2,South,278791
523,1,1.0,10,1.89,5,34.4,7023,9,2,East,351456
2736,5,4.7,38,2.96,4,60.1,7027,3,1,West,651695
3252,5,5.0,42,3.42,3,67.5,4340,4,2,South,557372
1627,2,1.0,16,4.69,6,47.4,7022,4,0,North,538660
785,2,2.0,21,9.38,6,25.2,4279,4,3,West,320271
1679,3,3.6,56,7.44,4,25.4,9411,5,3,South,383096
1693,3,3.1,51,12.19,9,65.5,12801,3,1,East,397901
1746,3,2.9,24,15.79,10,27.3,7865,9,1,East,562046
1238,2,1.7,14,1.69,8,57.1,5403,4,1,South,350034
2169,5,4.2,18,17.02,7,52.1,1226,5,3,North,574033
2138,3,2.7,32,6.43,10,56.8,3094,9,0,North,613001
1028,1,1.7,34,21.78,5,58.5,10221,5,1,South,210881
2235,3,2.7,11,4.16,6,33.2,4536,1,2,South,614427
2979,5,4.2,3,1.22,3,32.4,5984,1,2,West,795046
1945,2,1.5,29,11.42,8,62.9,8242,5,1,East,522114
1664,2,1.9,47,10.95,3,38.7,10061,7,0,West,395133
1772,1,1.0,9,3.03,8,5.0,6361,10,2,West,652970
2188,3,3.1,24,3.3,9,61.7,5910,2,2,East,596326
898,1,1.2,9,12.8,4,31.3,6958,6,3,North,333053
1940,3,3.4,14,9.69,7,58.4,5419,3,0,South,443949
1635,3,3.8,36,5.96,5,75.1,5538,5,0,East,424627
2866,4,4.5,17,10.37,6,50.3,7706,5,1,East,752596
1754,3,2.1,15,9.04,7,67.9,7208,4,2,North,515100
2767,4,3.2,59,3.61,4,52.8,11490,1,0,East,533675
1243,2,1.7,10,13.44,9,78.6,7765,1,0,South,279533
2173,4,3.5,11,11.76,6,30.9,9333,6,1,South,534999
2026,3,2.0,55,7.56,6,49.9,4443,3,1,West,455420
1372,2,1.5,33,12.81,9,62.1,7955,4,2,South,347743
1948,4,3.5,2,23.51,4,46.6,5209,1,0,East,417747
2517,4,3.3,25,3.27,6,70.7,7670,1,3,East,612250
1672,1,1.0,33,6.16,10,42.2,8315,2,0,East,466946
919,2,2.6,15,6.39,6,87.2,6910,4,1,North,330975
1840,2,1.9,32,12.62,3,88.2,12096,2,3,East,320220
1354,3,4.5,38,4.64,5,55.1,9942,3,2,South,350509
1662,3,2.9,15,12.16,10,59.9,9390,4,3,East,538209
1805,3,2.6,48,5.08,9,71.5,8481,3,0,North,544650
912,2,1.8,27,2.95,9,28.6,10679,1,2,West,390904
961,1,1.0,57,7.88,5,26.4,3639,2,0,West,240530
2115,4,4.1,5,5.0,9,72.6,9815,10,2,South,688343
1563,2,3.3,19,8.44,6,54.9,4619,7,1,South,402500
500,1,1.0,43,9.89,9,45.9,5558,2,3,South,199355
2282,4,4.4,53,1.81,10,50.2,8035,3,0,East,651971
2000,3,2.9,13,5.45,4,7.1,9513,4,3,East,650168
1457,2,1.0,58,7.88,10,46.6,4262,10,1,East,444629
1126,1,1.3,11,12.84,8,36.4,5672,9,2,West,520585
2310,3,3.7,24,11.82,8,66.5,7015,8,2,South,555349
2042,2,1.2,18,3.87,9,67.9,6390,2,0,East,584336
3160,5,4.8,25,6.62,4,60.4,8679,5,1,South,731947
2081,5,3.6,54,10.24,8,57.1,14359,5,2,East,612542
2063,4,2.9,43,6.29,4,23.0,7723,7,3,South,512313
1758,1,1.5,47,4.19,5,60.6,5183,9,3,West,487441
2299,4,3.5,15,7.23,3,61.3,3948,4,2,North,630442
2194,5,4.0,56,9.59,4,72.4,6084,6,1,North,476018
2538,4,4.0,26,3.57,10,88.1,4731,3,1,South,589009
1563,2,1.4,39,11.0,5,19.5,7829,3,1,West,335103
1611,1,1.0,41,8.21,6,43.0,7794,4,1,South,339413
1586,3,3.3,39,11.27,6,36.6,5781,8,1,South,385365
2285,3,2.0,36,7.12,8,53.1,11167,5,3,South,560277
2674,4,3.2,28,21.3,7,50.2,5182,7,1,South,681302
1598,1,1.0,38,9.47,7,45.8,6537,7,0,West,488200
1616,3,3.5,54,12.12,9,68.5,8206,4,2,West,383436
2023,4,4.7,23,10.97,6,30.2,8763,10,2,West,678065
1715,2,1.3,30,6.56,9,31.3,9611,1,1,West,529592
2374,3,3.5,10,8.9,10,31.6,7743,9,2,North,778248
612,1,1.0,21,4.73,8,43.5,9112,1,3,South,244151
1395,2,3.1,46,20.33,3,27.9,5337,4,3,East,312257
1420,2,1.0,38,10.19,5,49.1,8820,9,3,East,356953
574,1,1.7,12,3.99,7,47.0,8790,7,2,North,331563
1320,2,1.3,32,17.46,6,35.8,10128,4,0,West,362363
1347,2,3.2,48,6.81,5,65.7,3129,9,2,North,398988
1739,2,2.2,7,13.26,5,48.9,4804,2,3,South,367819
2462,3,2.1,3,1.77,3,69.1,8611,7,3,South,570450
1715,3,2.4,23,15.45,4,46.5,1200,6,3,West,427650
1283,2,2.3,39,9.91,9,49.6,7882,3,3,West,439231
1819,3,3.5,18,3.73,3,39.9,9132,10,2,East,562434
2427,4,3.8,49,9.79,9,49.9,5532,8,0,West,700767
1313,1,1.0,50,19.05,5,62.8,5854,1,1,West,188111
1349,2,2.3,31,4.84,9,42.6,4437,1,1,South,359402
2157,3,2.9,22,4.79,5,59.3,5653,1,3,West,522619
1728,2,1.0,2,6.49,9,35.4,5716,5,3,North,620894
2206,4,3.2,49,7.83,7,63.7,5298,5,1,South,450278
1842,2,2.0,53,13.83,9,39.6,5177,8,1,North,582085
2236,4,4.7,26,10.28,3,65.3,6204,7,0,South,430303
1281,2,2.9,30,6.48,9,51.1,6177,1,0,East,432093
1843,1,1.3,45,9.16,5,77.4,10923,5,1,North,429610
1734,4,4.0,41,21.03,5,29.2,5933,8,0,South,421011
1181,1,1.3,8,11.49,3,23.4,7557,9,1,East,434120
990,1,1.0,40,7.0,10,38.9,5531,3,3,East,367424
2227,4,3.7,55,6.35,8,25.1,5503,1,2,North,572497
1657,2,1.2,45,8.79,10,25.1,3050,2,2,North,501340
1288,1,1.0,28,13.72,7,61.2,3343,4,0,South,313309
1797,2,2.0,31,4.32,4,49.9,4145,5,3,West,433795
2470,5,4.9,15,12.52,5,41.4,7204,4,2,West,739270
596,1,1.3,39,6.9,6,43.0,9168,1,2,South,175536
1027,2,2.2,14,7.64,4,39.2,2869,4,1,East,292102
1342,2,2.0,20,31.66,10,79.7,5592,3,2,East,262259
2654,3,3.2,15,11.7,10,36.8,3793,5,3,West,731757
2005,3,2.8,20,5.12,7,26.2,6219,1,2,North,526177
2272,3,3.1,22,9.89,7,64.3,9167,8,1,East,591706
1223,3,2.3,4,14.16,8,46.1,5817,5,2,East,413465
1234,2,2.1,43,11.79,8,86.7,6695,4,3,South,225617
2096,2,2.3,26,1.01,3,40.5,10002,10,1,North,650394
1882,3,2.3,56,7.42,7,65.2,7807,8,3,North,515991
2152,3,2.8,10,10.18,9,69.5,5128,2,2,South,491233
1747,4,3.4,40,9.64,9,40.6,7150,2,0,East,465305
2003,2,1.4,10,5.44,7,36.6,4979,1,3,East,545718
1937,4,3.0,32,11.92,10,63.3,7725,6,2,North,594822
2278,3,3.7,29,15.5,7,60.3,7934,4,1,West,534792
2294,3,3.5,26,1.87,6,24.6,3792,4,0,South,570605
959,1,1.2,39,1.71,6,29.7,7185,6,3,West,369225
614,1,2.2,49,9.83,8,5.0,6541,6,3,North,305761
2401,3,2.7,19,12.57,10,60.7,7998,1,0,West,595041
2503,4,5.0,50,4.85,4,45.3,8629,2,2,West,621748
1289,1,1.0,11,1.08,5,47.1,7850,8,0,West,462710
827,1,1.0,17,7.51,8,19.6,6133,10,1,West,409942
1904,3,2.5,18,9.73,9,30.2,8853,9,2,South,612669
2362,2,2.1,57,6.11,6,41.4,4879,10,0,East,525360
2839,4,4.4,7,14.39,8,37.9,3895,5,2,East,709213
2134,3,2.7,23,9.34,3,52.1,1200,9,1,South,457833
1646,2,3.0,25,4.46,5,60.5,6646,9,2,West,554956
1359,4,4.0,48,4.82,10,90.9,4993,9,3,South,413984
1856,3,3.0,29,7.62,7,49.6,7675,2,0,South,424127
1685,3,2.2,58,5.81,9,70.1,2463,2,3,West,462219
1292,1,1.1,44,1.6,4,35.1,5376,5,0,South,273546
2977,4,3.7,42,8.8,5,19.9,7835,6,0,North,832229
2832,5,4.4,45,4.92,10,43.7,4534,10,1,South,726878
2475,3,2.3,9,5.58,10,21.2,7700,4,1,West,711920
1344,3,4.7,26,3.25,10,50.3,5575,9,0,West,537008
2320,3,2.6,35,19.36,5,36.0,6728,9,1,North,583198
2202,3,1.8,12,11.25,9,14.8,8109,10,3,East,684061
2093,3,2.3,7,22.38,6,81.2,8896,2,2,East,543726
2537,4,3.8,8,6.09,9,40.3,7003,3,2,East,732584
2199,3,3.2,47,11.68,9,20.5,5009,3,0,East,566771
2257,3,3.2,39,8.91,6,66.2,5792,8,0,West,540818
2200,3,3.3,16,4.6,5,36.9,8201,7,1,South,561882
2037,3,2.3,44,6.05,10,69.6,4553,5,3,South,526399
869,2,2.0,41,11.24,6,36.8,6408,1,3,East,190460
1896,3,2.2,48,3.24,6,40.3,5951,6,0,South,403073
1544,2,1.4,54,14.48,8,56.2,6573,8,1,South,331850
1146,1,1.0,52,8.42,10,60.7,4580,5,1,North,395154
2775,5,4.0,10,13.28,4,63.8,2726,3,2,North,646765
2801,4,4.5,46,9.76,10,48.4,7946,6,0,West,748770
2598,4,4.3,23,1.88,6,59.5,8921,7,1,North,742553
1990,3,3.5,24,7.42,3,63.4,2857,6,3,East,523095
2593,5,4.8,38,14.68,5,53.6,7612,9,1,West,605642
1857,2,2.3,36,8.33,6,47.4,9183,4,3,North,546018
1962,4,2.6,25,7.56,8,24.0,8111,7,2,North,650444
1249,1,1.4,59,8.32,7,60.8,5883,9,2,South,321649
2068,3,2.9,10,1.48,4,50.8,4724,3,1,South,461358
1883,4,4.2,5,15.66,6,42.6,6978,3,3,South,497545
1134,2,2.1,1,0.79,4,73.0,7345,1,0,East,315844
1822,3,2.1,48,17.74,5,24.3,7011,4,3,North,429593
1806,2,1.0,24,5.78,8,79.6,6404,1,3,North,426880
2839,4,3.3,26,10.22,9,49.6,4418,8,2,North,762128
2342,3,3.2,38,1.35,4,55.7,7730,1,3,South,503129
1856,2,2.3,26,12.48,7,42.9,7836,7,2,South,447942
1987,3,1.8,34,11.13,6,20.0,7242,6,2,West,543945
1874,3,2.1,3,10.69,5,47.5,7044,10,0,North,521767
1738,2,1.3,9,1.29,8,56.0,10494,4,0,East,511580
1255,1,1.0,55,4.12,4,62.2,5426,4,0,East,276655
1767,2,1.0,27,9.8,9,46.4,9619,3,0,East,495218
1440,3,1.8,10,15.39,6,10.5,5185,6,3,East,469301
1162,2,1.2,22,3.64,3,22.3,9240,3,0,North,393024
2131,3,2.9,20,3.73,9,86.9,9513,2,0,East,514324
2065,4,3.0,16,9.37,9,30.3,6155,10,3,South,698791
867,1,1.0,17,29.92,7,75.7,10454,7,1,West,309616
1783,3,3.5,43,4.66,8,33.2,7832,2,3,North,559662
2398,4,2.9,6,5.72,4,46.7,4870,7,3,East,738326
2433,4,3.7,18,5.11,5,61.3,5977,4,2,East,584856
2414,3,3.5,28,6.91,5,35.2,9292,2,3,East,564012
1871,5,4.5,32,16.17,9,78.7,8831,5,3,North,534911
1385,2,1.4,52,7.17,5,51.4,4472,8,0,East,324319
1254,1,1.6,55,31.71,8,58.3,6494,1,0,West,270859
2040,3,2.6,17,8.12,5,45.2,7248,4,1,South,474259
2059,3,3.6,32,17.16,7,61.9,5683,10,2,South,467983
2558,3,3.1,1,6.05,4,78.4,11987,4,3,North,651996
2455,5,4.6,37,2.69,7,47.6,7314,1,0,South,616262
1777,3,3.1,9,7.17,3,81.1,6664,5,0,West,480066
1166,1,1.0,4,10.8,8,39.0,9420,7,1,South,374201
1674,4,4.5,40,4.15,3,63.8,5997,10,1,East,398416
1969,4,3.4,10,15.47,10,58.8,9016,7,3,West,597963
1739,2,1.8,28,5.3,9,30.8,3131,1,1,East,529337
1532,4,3.8,6,3.25,7,53.8,5802,9,3,East,593564
1989,4,4.3,44,28.05,10,50.1,9108,8,0,East,517300
1573,2,1.1,45,3.98,9,34.6,10254,7,0,South,510741
1505,4,4.5,34,5.18,4,56.4,5099,9,3,North,574018
2021,3,3.1,50,11.99,8,52.6,4842,8,0,West,520205
1629,2,1.0,26,5.89,6,48.7,8048,3,0,West,430477
1984,3,3.6,11,3.35,9,48.8,5429,5,2,South,556384
2000,4,5.0,9,4.8,9,48.4,6209,6,0,West,650896
1223,2,2.5,13,23.32,10,43.4,8728,5,0,West,359594
1585,2,2.8,12,11.05,6,52.5,5603,7,1,South,365018
2641,3,2.9,19,12.52,4,38.4,2476,8,2,East,570499
1211,2,1.0,12,9.06,4,95.0,3938,2,2,East,283453
686,1,1.0,35,10.13,4,24.6,6822,6,2,North,225351
826,1,1.0,8,5.56,10,39.5,2700,1,0,North,421840
1866,2,1.4,37,8.29,7,40.9,6146,6,1,South,414246
1867,3,2.2,20,1.17,5,86.7,3737,5,1,West,530802
1785,1,1.0,41,14.08,6,26.2,10408,3,1,South,365064
2518,4,4.2,30,5.53,4,57.7,11563,10,2,West,647428
500,1,1.0,54,2.9,7,54.5,4472,3,0,East,194614
2068,4,3.5,26,8.63,6,56.0,7365,1,2,East,559744
2709,4,4.9,17,6.55,9,72.3,4687,4,3,South,640062
1230,2,1.0,35,13.76,3,71.9,6120,8,2,South,220098
1641,2,2.4,39,7.28,10,41.9,10768,1,1,North,476616
1436,2,1.5,26,4.71,3,53.5,5773,5,1,South,310469
1358,3,3.2,33,7.41,6,16.4,6171,5,2,North,490106
1671,2,2.6,28,18.42,5,51.8,4726,9,2,North,447669
2635,5,5.0,18,14.06,8,35.7,9322,1,1,North,663913
2861,4,4.4,18,11.03,8,46.6,1200,1,0,East,641493
1665,3,2.0,54,14.45,4,19.7,5826,6,2,South,380039
2898,5,5.0,40,11.6,6,57.3,6699,2,2,South,606584
1870,3,2.2,5,3.75,7,19.5,5346,8,0,West,619150
2815,6,5.0,57,12.59,6,52.7,8700,3,2,East,606093
1799,2,2.0,42,15.56,3,27.9,9444,6,0,West,403372
1922,2,2.1,3,16.12,4,34.7,3694,1,2,East,490214
2051,2,2.0,43,3.11,7,70.8,11406,7,2,North,536326
3598,6,5.0,35,5.19,5,60.6,3669,6,0,West,858712
2318,4,2.9,54,4.61,7,70.7,9635,1,2,West,542928
1461,2,2.4,29,6.0,4,78.1,7130,3,0,East,329586
2383,3,2.9,31,10.28,8,36.1,5692,1,1,East,547173
1651,3,3.6,18,8.48,4,77.0,5899,1,2,South,327981
1581,1,1.0,19,8.48,8,23.6,6726,7,1,South,454925
2350,5,3.8,37,2.43,9,63.4,7259,5,3,West,659856
1867,5,5.0,49,5.04,5,41.1,4776,9,3,South,523211
2003,3,2.5,53,16.89,4,33.3,6285,3,3,North,473966
1858,3,3.0,46,15.52,3,61.1,5105,8,0,North,499592
2035,3,2.3,36,7.19,5,67.0,4127,7,0,North,515677
2084,2,3.0,30,12.61,3,66.5,5002,7,0,South,332267
785,1,1.0,20,9.66,10,53.9,4270,9,2,South,349177
2217,3,2.6,46,13.52,10,52.4,5876,8,1,West,585756
1310,1,1.0,19,12.97,10,59.5,7751,8,2,North,541939
1057,3,2.0,16,7.61,10,55.5,7066,8,1,South,449161
1818,3,3.0,52,11.08,7,59.7,11144,5,0,North,465955
1896,3,3.9,35,10.1,5,53.7,1937,8,2,East,506885
1469,2,1.5,21,7.75,6,65.2,7833,9,2,East,419141
2307,3,3.1,51,6.62,5,20.7,6814,8,2,East,599130
1112,2,1.0,57,21.34,9,47.6,8594,7,1,West,333092
1626,2,1.8,19,7.76,6,25.1,8376,1,2,West,513248
1528,3,2.6,31,12.11,6,55.0,6437,5,3,West,464187
1824,3,2.2,29,20.33,8,79.6,7180,1,2,West,406812
2003,3,3.6,42,11.07,5,41.5,5163,2,3,South,510559
1296,1,1.0,57,10.74,5,52.3,8150,4,1,East,252508
2248,2,1.7,32,7.79,4,63.6,2666,5,0,South,360666
1885,3,2.5,47,10.22,3,12.8,8509,6,3,West,458134
809,1,1.0,35,6.22,3,40.6,6749,10,1,North,365133
773,1,1.0,53,34.24,6,56.6,5728,8,0,North,143341
1843,3,3.5,24,2.48,10,5.0,6288,5,0,North,675165
1728,3,1.3,23,6.92,5,32.4,6450,4,1,East,440394
1793,1,1.0,25,11.19,8,69.8,9654,8,0,East,451444
1835,2,1.5,59,10.75,5,68.1,13914,3,2,North,392945
1974,3,4.0,36,6.21,5,56.7,9484,9,2,South,531097
2371,4,4.3,9,1.72,4,65.9,5556,8,1,South,599706
1239,1,1.0,2,2.86,7,53.9,8186,7,0,West,469002
1205,2,2.7,31,8.89,8,60.0,8281,3,0,North,400030
1249,3,2.3,48,1.25,5,44.3,4765,7,3,North,409514
2009,4,4.5,28,11.71,7,52.1,4026,9,1,East,514889
2535,4,2.8,33,16.36,6,38.6,6661,1,0,East,490244
1613,2,2.6,47,13.09,5,72.7,8577,2,2,West,449176
500,1,1.0,30,14.79,8,77.4,3254,6,3,East,225279
913,2,1.1,54,1.3,7,74.8,5214,4,0,West,294518
1392,2,1.6,38,6.39,3,42.7,8060,8,3,South,325718
1543,3,3.0,43,3.51,6,32.8,6892,5,2,South,418252
1625,3,2.5,46,2.02,6,73.0,9916,10,1,West,461450
1871,4,4.2,37,5.45,9,59.8,3695,3,3,North,517071
1679,3,2.4,3,20.01,5,55.9,11975,4,1,West,441053
2427,4,4.2,25,23.5,10,38.6,3416,1,2,North,668424
1478,3,3.1,8,3.9,7,57.7,2336,3,0,South,422143
1376,1,1.0,30,8.15,4,30.5,6670,3,0,North,334705
2113,2,1.5,8,10.12,6,61.4,4304,8,3,East,544161
1005,3,2.9,30,6.43,10,74.8,6715,4,3,West,416306
2064,3,3.2,20,17.11,5,79.4,6638,3,0,North,447671
1906,2,3.2,1,5.51,8,62.8,6369,4,0,North,587666
1769,2,2.5,7,4.83,9,25.1,4947,6,2,South,568651
2724,5,5.0,30,4.07,8,53.6,7752,8,3,South,748966
1508,2,4.0,4,6.39,3,88.5,6102,10,2,South,410684
2983,4,4.2,51,0.5,5,34.4,9228,1,2,West,693556
1726,4,4.1,45,6.62,5,48.9,6403,9,1,North,509699
1148,1,1.3,42,8.5,5,75.4,4678,4,0,South,143510
1888,2,1.1,10,8.88,10,61.1,3087,9,3,South,476694
1258,2,1.5,47,3.33,3,94.6,6421,1,3,South,174407
1437,3,2.4,38,8.76,7,36.8,4008,7,1,South,412448
2068,4,4.3,23,8.63,10,32.2,3830,10,2,East,632249
2156,4,3.7,0,8.77,10,72.0,7960,1,0,East,606798
1508,2,1.9,31,13.25,7,28.5,2889,8,1,West,477630
2393,4,4.6,47,3.22,10,46.5,9907,2,0,South,537700
2487,4,4.4,2,6.48,6,48.8,7151,10,1,East,725386
2640,4,3.7,3,1.61,7,68.6,6704,8,0,West,809323
2141,3,2.3,22,12.46,7,61.1,4524,10,2,West,609627
2600,4,4.6,30,3.66,3,58.2,8482,9,0,West,608563
816,2,2.3,28,14.59,3,42.8,6794,4,2,South,208133
1675,3,1.7,25,14.93,10,71.9,5291,5,2,West,441591
1373,2,1.6,15,6.96,4,95.0,7240,7,3,West,401549
1916,2,1.9,3,6.69,5,62.4,3098,2,0,West,441252
1536,2,2.3,1,2.29,7,51.8,3202,4,1,East,471450
1759,3,3.4,5,7.96,7,26.6,4336,1,0,West,507637
2885,5,5.0,41,13.18,7,38.5,7569,9,2,South,712555
1757,4,4.2,47,9.53,10,46.2,6793,3,0,West,490598
2078,3,2.8,26,18.42,9,40.4,9108,5,2,East,555108
1722,3,2.3,4,5.94,10,49.7,4776,5,3,West,552083
1892,4,3.6,24,5.93,8,82.0,8064,4,2,West,558476
1853,3,2.8,59,3.87,10,72.4,6549,8,0,North,542454
2097,5,4.8,14,26.24,7,47.1,4725,10,1,South,481323
2491,4,2.5,29,2.27,7,28.3,7648,6,2,South,689913
2756,4,3.5,32,12.57,9,74.1,6655,9,1,West,704026
2020,2,1.8,19,13.36,9,49.1,5416,2,1,East,504843
2174,3,2.6,26,12.99,3,18.9,6892,10,3,West,635837
1217,2,1.6,28,4.14,10,62.8,6515,2,3,West,423885
1802,3,3.1,28,6.95,8,68.5,6462,1,1,East,492491
2367,4,3.0,43,11.4,10,6.3,5892,1,1,North,651264
2326,5,3.7,34,4.9,8,35.2,3929,3,0,East,646995
1966,3,2.6,3,6.26,10,48.0,6964,9,1,West,680667
2338,3,3.3,0,4.97,5,63.2,5034,4,2,East,621241
2120,5,5.0,24,8.35,4,40.7,4555,8,2,West,630292
2510,4,4.3,54,7.97,4,35.0,6270,5,1,West,639508
2009,3,1.8,2,20.52,5,63.1,8415,2,0,South,424753
1654,2,1.6,4,11.57,4,41.6,7208,5,0,East,419197
2035,2,2.0,40,2.77,6,59.8,5631,3,0,East,435136
500,2,1.9,27,2.97,4,30.0,5543,3,0,South,171203
2061,3,3.2,13,12.71,4,25.7,8199,6,0,North,563550
500,1,1.0,12,7.91,7,63.6,1527,8,2,South,164316
902,1,1.0,39,25.27,9,54.5,8554,6,3,North,221403
2098,4,4.1,31,25.23,4,66.6,2677,3,3,East,352236
2113,3,3.4,38,3.85,7,40.4,3686,8,2,North,698893
1211,1,1.0,16,9.63,8,35.7,5669,7,1,South,345163
1458,2,1.6,31,3.0,8,74.5,11574,3,3,East,493437
2604,4,1.9,51,12.57,3,22.6,10490,9,0,South,577582
1584,3,2.4,18,22.39,8,72.5,8354,9,2,West,463678
3084,4,3.4,23,8.73,3,73.8,7584,7,3,South,605795
1849,3,2.1,9,5.78,4,65.5,2703,3,2,North,483581
2074,3,2.9,38,10.3,5,37.6,7145,4,1,West,582567
2739,4,3.8,1,14.3,9,35.3,5592,5,2,West,828901
1922,2,1.0,14,14.36,4,46.2,5003,2,3,East,433988
1299,3,3.0,42,5.83,9,26.7,7141,4,0,West,411487
1790,3,2.2,1,4.81,10,32.7,5764,2,2,North,591374
1830,3,3.1,59,9.28,10,61.6,8712,2,0,West,431151
1099,3,1.9,24,6.12,5,61.7,2541,8,0,North,412018
1709,5,4.8,23,17.11,3,31.1,6965,2,3,South,463505
1442,1,1.0,32,6.07,4,62.2,4866,5,1,North,369298
2358,3,3.0,38,8.29,9,58.2,5899,5,0,West,591038
1869,2,1.9,27,10.13,4,77.2,7470,1,1,South,380802
1694,2,1.6,53,2.34,8,60.2,4342,9,0,South,373606
1792,2,1.0,57,5.13,5,69.1,7161,10,3,North,475212
1973,3,1.8,12,24.58,9,58.6,6333,7,3,East,537062
2189,2,1.4,42,13.91,7,67.6,5347,7,0,South,397957
1300,2,1.8,18,6.01,7,26.8,5765,3,0,South,344177
1277,2,1.4,59,12.61,9,47.8,6460,9,3,South,316208
2458,4,4.2,15,16.93,10,49.3,5111,8,3,West,771707
1623,3,2.6,17,6.72,5,45.6,6816,5,3,North,584846
1071,2,1.1,42,13.48,7,58.0,6188,8,2,West,331294
2094,3,2.6,47,12.25,8,61.4,5455,10,3,South,498111
2105,5,5.0,7,3.05,9,57.1,10298,7,1,North,725292
1008,2,2.0,33,6.75,6,46.8,7714,2,3,South,270498
1976,2,3.1,20,20.87,5,36.8,5958,4,3,North,492023
2255,3,2.3,36,24.14,9,69.7,7121,2,0,South,410766
2056,2,1.7,33,13.98,10,56.3,4541,4,0,South,462324
2198,3,3.1,59,4.99,7,31.7,5839,9,2,West,595942
1078,2,1.8,56,0.92,3,46.5,6096,2,3,South,207297
2032,3,2.4,39,4.48,5,18.6,4057,9,3,North,611643
1684,4,2.7,40,2.7,6,50.6,7652,3,0,South,391934
1584,3,2.4,53,21.85,8,46.4,5688,5,1,North,383983
2329,4,3.0,11,1.57,8,39.7,6018,6,3,North,772995
2664,3,1.6,43,3.12,9,78.5,5549,2,0,South,473831
2837,4,3.2,46,9.14,3,29.2,13310,2,2,North,734538
2573,4,3.1,7,7.87,6,62.7,5342,4,1,North,680636
1790,3,3.2,52,20.22,8,89.4,2249,1,0,West,336942
2044,2,2.2,41,11.76,10,69.4,3280,8,0,East,526706
2272,3,2.2,20,7.11,4,49.4,8470,6,2,West,568772
1917,3,2.6,29,17.31,10,29.6,9740,9,3,South,536023
1922,3,1.5,29,5.88,3,25.5,5300,9,0,West,488787
2303,3,2.5,55,21.26,4,42.6,9614,4,1,South,399290
1817,2,2.1,58,4.01,9,37.6,8431,9,0,North,588305
1449,2,2.4,48,7.67,9,37.0,6383,1,2,West,393818
1622,3,2.3,39,1.09,10,44.1,6227,5,3,North,588342
2199,4,4.5,6,14.46,7,48.2,7198,7,3,South,523249
1852,4,2.7,54,8.79,7,58.7,8730,5,1,West,464879
2037,3,1.9,8,21.3,7,27.7,7674,8,1,East,607801
2219,3,3.3,10,6.57,7,37.7,5311,9,1,South,613390
1644,3,4.0,4,2.31,7,47.1,6417,5,3,South,495286
2266,4,4.1,56,10.77,5,46.5,11159,3,1,North,535913
2058,3,2.8,29,5.24,9,83.1,7353,6,0,West,452696
1171,2,1.0,14,13.13,5,54.2,8713,9,3,North,387626
2643,5,3.4,4,4.08,7,21.0,7988,10,0,South,809965
1575,3,2.9,24,18.93,8,57.5,7401,9,3,North,495839
940,3,2.5,43,8.29,7,59.8,7039,3,0,West,271602
1275,1,1.0,59,7.13,7,47.7,8774,3,2,West,247091
1288,2,1.8,33,18.13,3,28.2,8381,6,1,South,221170
1879,3,2.9,36,14.6,5,81.6,7381,5,2,West,469782
1699,3,3.5,50,4.54,6,30.7,5274,7,1,North,542316
1665,2,1.9,54,14.32,6,61.9,7648,10,1,West,372471
2191,2,2.7,16,12.45,10,53.6,6653,6,1,North,620186
2037,3,2.8,59,7.42,10,60.8,6122,4,3,South,472409
2024,2,1.7,31,13.58,8,80.7,12693,9,0,North,514026
2075,3,3.5,55,18.88,5,60.1,3414,5,0,West,340563
2189,3,2.1,7,7.58,3,39.9,8909,7,0,West,587308
691,1,2.8,5,7.6,9,69.9,4902,2,2,East,310673
1650,3,3.1,53,7.3,10,38.6,7089,6,2,North,563971
651,1,1.1,40,4.4,6,52.9,12451,5,2,South,250446
1870,3,3.2,10,7.52,9,26.7,4683,2,0,South,461671
1847,5,5.0,53,6.93,10,31.4,5207,3,3,South,522760
2425,4,4.4,6,6.64,7,50.9,6761,8,3,North,752814
2503,4,2.7,40,6.57,4,56.6,4936,2,3,East,536395
1962,2,2.8,12,3.11,3,19.4,8745,2,3,East,536148
1575,1,1.0,4,15.55,9,59.0,5624,1,1,West,393809
2117,5,4.9,48,5.12,7,35.3,8239,1,2,South,420178
1560,2,1.0,50,19.56,4,73.0,3876,5,1,South,245196
1849,2,2.2,6,3.71,3,43.7,2825,5,2,South,455301
2392,4,3.3,5,22.41,10,29.8,6296,7,1,North,668421
1543,2,1.9,36,6.1,5,51.4,3349,6,2,East,407703
2293,3,2.6,1,14.44,5,33.5,10140,6,3,West,641019
2223,3,4.1,44,8.73,8,72.8,3434,10,2,North,601206
1325,3,4.2,54,2.75,5,50.0,4517,3,3,South,290299
2386,3,2.8,45,2.88,10,47.3,7710,8,3,West,722802
2234,2,1.8,13,4.79,8,60.7,5510,1,0,South,470437
1906,4,3.5,11,5.84,5,31.9,3460,9,3,East,563681
1431,3,3.6,40,7.75,5,26.8,11288,4,3,East,486389
1377,2,1.6,3,10.06,9,57.4,4596,4,1,East,421636
1554,1,1.0,32,7.04,7,30.2,6368,2,2,North,444006
2148,3,3.5,26,9.7,10,30.2,6340,6,2,West,687856
1324,2,1.4,44,10.8,5,65.1,8363,4,3,West,304495
2091,4,3.8,12,6.82,3,59.5,7817,10,3,North,624100
1167,1,1.0,45,12.31,10,27.4,4981,2,0,North,367299
1738,3,3.3,41,14.16,4,38.9,6083,5,0,East,345569
1910,3,4.2,14,10.99,9,33.7,6301,10,0,East,636294
3195,3,3.3,21,11.41,8,82.0,8448,9,2,South,708664
1092,3,3.8,3,9.12,4,66.3,4230,8,3,East,416451
2660,3,2.2,26,16.43,9,42.4,11240,6,2,East,705489
1932,3,3.0,15,7.88,3,60.4,5130,9,0,South,469914
2076,3,2.1,6,4.86,6,25.6,6781,3,2,North,577586
1915,4,3.6,33,8.05,5,37.9,4248,9,1,North,572583
2095,4,4.3,34,2.79,8,51.9,3944,6,1,South,509756
1765,1,1.0,5,2.5,7,58.1,4876,4,3,West,516779
2650,3,1.8,11,14.21,7,48.2,4665,3,1,East,530152
1599,3,1.9,4,19.76,6,54.5,5889,6,2,South,339134
2473,4,2.8,40,6.24,8,51.4,4646,1,0,West,625998
1496,3,3.1,20,14.3,4,47.1,8330,8,1,South,400762
1817,3,4.2,4,1.38,8,44.7,5077,3,2,South,532856
1260,2,2.8,11,11.01,3,42.3,4834,4,2,North,355764
2100,3,1.5,58,7.9,3,54.2,5935,2,3,West,381758
2645,3,3.8,15,21.82,8,57.4,8984,5,1,East,644852
1807,2,2.5,41,7.13,4,53.6,7273,4,3,West,432278
1742,3,1.7,28,3.48,9,28.8,6581,2,3,South,544495
1237,1,1.0,10,2.2,4,32.0,3647,9,1,South,366062
1724,3,3.6,18,8.04,4,57.2,4286,8,0,North,505475
974,2,2.2,0,9.1,10,76.5,3987,4,1,West,329385
1348,2,1.0,44,6.82,4,52.7,9675,1,2,North,323459
1975,1,1.2,20,14.5,10,42.6,7967,9,3,East,592101
2575,3,1.3,29,18.42,5,54.0,4904,7,2,East,540351
3395,6,5.0,9,6.19,9,29.5,5558,6,2,North,964312
1527,2,2.6,49,1.65,10,73.6,4984,7,0,South,406224
2639,2,1.8,13,9.74,3,53.4,4851,1,2,North,635805
1984,4,3.5,33,16.65,5,37.9,7813,5,3,East,512125
1767,3,3.4,52,6.21,7,47.0,6167,2,1,West,490931
2088,4,4.5,42,11.41,9,40.5,11379,7,3,South,614788
1884,3,3.7,36,3.27,4,73.6,9551,10,0,West,562999
1911,3,3.4,53,9.58,4,46.4,9681,6,3,North,489901
1625,3,3.6,10,11.55,5,52.8,8277,7,3,South,452275
1081,2,2.3,57,9.76,4,60.3,5870,7,2,West,268917
1001,3,3.0,33,25.46,5,36.7,8115,10,2,West,359882
2209,4,3.9,24,19.61,4,53.5,6033,1,3,South,462786
1698,1,1.0,15,12.8,9,54.9,10387,4,1,East,472722
1522,3,2.0,44,15.65,9,22.0,7689,3,0,West,465048
1855,4,3.1,58,9.53,4,54.5,7377,8,3,West,454865
2287,4,3.6,41,7.66,7,49.2,7080,5,0,East,602892
1949,3,3.0,1,5.73,8,52.3,10629,8,2,North,722650
1489,3,3.8,28,3.21,8,50.6,3646,5,1,North,530362
2524,5,4.8,43,20.18,10,54.7,10844,10,3,East,711684
2719,6,5.0,23,26.08,8,74.1,6390,8,3,South,655016
2122,3,3.6,46,8.18,8,28.8,3706,1,1,North,524355
2386,3,2.6,42,8.28,3,43.8,5145,10,2,South,535902
2533,4,4.2,4,11.87,3,62.0,3168,10,1,South,606059
2472,3,2.6,33,7.16,7,58.7,8238,1,1,South,477526
2188,3,3.7,10,3.57,10,58.3,4516,4,3,South,627655
2179,1,1.2,29,2.72,6,95.0,7171,10,1,South,437655
2136,3,2.0,23,25.51,8,61.1,9295,9,3,North,570535
1246,2,1.9,48,1.89,4,70.4,5322,5,2,West,316853
2235,3,4.0,52,10.01,6,44.5,6210,6,3,East,524370
1104,3,2.7,27,2.13,9,32.1,3933,1,2,North,442903
1413,2,2.1,32,7.41,8,44.3,5946,6,3,South,406217
2567,5,5.0,37,6.17,3,62.8,12463,7,1,South,573002
2312,4,3.1,39,2.46,10,57.3,8511,4,1,East,652758
2668,5,5.0,38,12.15,10,57.3,6218,4,1,East,651747
1701,3,1.8,46,3.36,6,46.1,5454,9,0,East,544652
1216,3,2.4,58,2.18,5,43.3,6706,5,0,East,322137
1718,3,3.6,49,13.04,7,46.8,7086,3,1,North,414581
1906,3,3.0,8,6.19,9,63.0,5878,4,3,South,496703
1893,3,2.6,28,4.45,6,65.1,7966,5,3,North,590735
2474,4,4.1,27,13.57,3,31.9,4702,3,2,South,509093
1651,3,2.8,30,3.22,3,63.7,4692,6,1,South,320200
2044,5,4.8,31,1.7,9,38.3,7614,9,2,West,743203
1306,2,2.3,43,17.64,9,58.4,4229,8,3,North,395860
2098,4,3.3,25,23.3,9,46.5,8404,3,0,East,539207
1852,4,3.8,15,7.27,4,78.2,6769,5,3,South,479815
1438,3,2.6,27,0.5,4,42.5,2779,6,3,South,401551
1720,3,1.7,51,7.2,6,53.2,7041,7,3,East,529386
1749,1,1.0,18,14.08,4,60.9,3093,8,0,North,362147
1701,3,3.9,1,16.52,6,34.3,8325,5,3,South,462820
2824,3,3.1,58,3.53,7,48.7,6253,4,2,South,594330
1796,4,2.9,11,6.41,5,45.2,10872,7,2,East,644563
1716,3,1.7,36,9.49,3,40.8,9157,2,0,North,478346
696,2,1.7,48,13.55,6,42.1,4466,7,1,West,281670
1358,1,1.9,16,12.62,8,70.0,2354,9,1,West,382926
1705,1,1.0,20,11.31,7,39.2,5139,8,3,West,483434
1473,2,2.7,16,16.49,5,60.2,4113,5,1,South,286245
2610,4,4.0,8,7.65,5,55.7,10817,9,0,East,687061
1759,2,2.1,9,20.3,7,24.9,6777,6,3,North,601229
2559,4,2.9,11,5.25,4,59.3,8854,6,0,West,651084
1884,5,5.0,27,12.75,9,24.6,6173,9,3,South,602494
1870,4,3.6,31,5.84,9,61.3,6405,2,3,North,593978
1801,4,4.4,0,7.35,3,40.9,6728,8,1,South,460431
1852,4,3.2,50,8.19,10,50.2,9234,7,2,West,578678
2795,5,4.9,40,5.6,3,26.7,7486,6,3,West,688776
574,1,1.0,4,16.96,6,52.2,4474,1,2,South,129640
749,1,1.0,50,6.06,8,66.7,10370,8,2,South,219042
1551,2,2.1,1,7.9,5,35.5,6156,3,0,West,438275
1858,4,3.6,33,11.78,4,39.1,5798,9,2,West,538356
2230,3,2.3,27,32.5,3,58.2,1200,8,2,West,432921
2110,3,3.9,30,12.07,8,58.6,8196,4,2,South,502018
1639,2,2.5,57,8.4,3,6.2,7022,5,3,East,428634
2410,5,4.3,55,1.42,6,86.3,7020,1,3,West,525538
2417,4,4.2,16,7.21,6,59.5,5914,5,2,North,695868
1951,4,3.3,34,4.87,10,62.5,5535,1,1,South,471818
2379,4,3.0,57,6.35,10,47.4,5987,10,1,North,675398
2000,3,3.5,43,5.75,9,16.6,7819,7,0,South,539629
1541,3,1.6,53,11.7,8,62.1,8206,3,2,West,377360
2234,2,2.4,26,7.1,7,39.8,6292,9,1,North,718923
1911,1,1.0,16,4.01,5,59.8,8888,1,3,East,457316
1851,3,2.7,30,14.46,4,46.1,6626,6,3,North,457987
2660,4,4.1,49,2.94,10,54.3,5691,2,3,West,726518
502,2,2.2,55,8.13,6,36.1,7237,1,3,West,181916
1070,3,2.2,41,7.25,6,65.6,3809,3,1,East,276067
1197,3,3.3,42,10.21,4,28.6,7312,3,1,East,304251
1650,2,1.9,30,16.6,5,90.4,3407,8,2,North,430420
1710,2,1.0,19,35.0,8,90.3,4539,9,1,West,336744
1021,2,1.7,25,8.39,6,79.4,2359,8,1,East,337435
1308,4,4.8,29,4.81,7,73.0,6415,8,2,North,457177
1377,3,4.0,48,4.46,4,48.5,10341,6,1,West,407091
3202,6,5.0,33,4.44,3,71.0,6542,4,3,North,815649
2841,4,3.0,47,9.96,10,48.3,8216,3,0,East,679648
1624,2,2.1,1,1.11,6,22.0,11975,10,1,North,736704
1650,3,3.4,45,2.79,5,77.1,7689,6,2,East,413945
1218,1,1.3,30,9.97,5,70.3,5117,6,3,North,352127
801,1,1.3,59,14.93,8,49.4,5419,1,2,North,276788
1786,3,3.1,28,14.99,7,27.9,6801,5,0,South,392459
1301,3,2.7,28,8.67,6,39.4,5408,7,1,West,373723
1803,2,1.4,7,13.7,10,17.2,5572,5,3,South,508382
970,1,1.0,48,16.79,10,67.0,8968,7,1,East,309353
1431,3,3.0,42,5.99,4,21.1,9058,9,1,South,360771
1932,2,1.9,51,15.7,8,55.2,3177,1,0,West,407327
2051,3,3.2,5,2.01,10,34.8,5000,10,2,South,696370
2080,3,1.9,12,2.72,6,24.3,5779,9,0,East,698390
1124,2,2.3,52,6.26,3,54.3,8118,5,1,West,322092
2320,4,5.0,2,1.78,4,44.0,9315,8,2,South,682674
1410,1,1.0,30,11.83,8,65.1,12744,1,3,South,373275
2198,3,2.8,24,5.34,10,27.2,5776,4,0,West,671028
1844,3,3.0,56,7.3,4,36.4,5885,2,1,South,342526
1093,1,2.2,51,7.5,7,7.0,8095,7,0,South,294634
1676,1,1.0,53,6.14,6,10.7,5299,9,1,South,401681
2051,4,3.9,17,4.42,5,82.4,6490,7,3,West,577283
2187,4,3.2,35,11.45,8,87.5,5887,8,1,West,564787
1772,3,2.4,42,5.25,10,51.7,1200,2,1,East,378275
2692,3,2.8,58,7.43,4,35.2,7071,10,1,East,620605
2404,4,4.7,0,10.28,3,44.6,6399,2,3,South,571930
1709,1,2.1,58,16.7,5,65.7,9597,6,2,North,401954
2263,4,4.1,21,15.86,5,40.7,6812,7,2,North,688584
2914,4,3.5,7,5.62,8,54.3,4040,9,3,North,853896
2928,4,5.0,36,4.24,7,49.8,6232,10,2,North,794114
1175,1,1.0,46,18.9,3,39.8,2200,6,2,East,150911
1340,2,1.4,7,5.23,5,40.5,4136,6,2,North,486538
2667,4,2.6,2,11.15,8,55.3,8198,5,2,North,721002
1268,2,2.8,53,1.69,6,32.4,6256,6,0,South,367828
