date,sales,orders,website_visits,ad_spend,promo,holiday_season
2022-01-01,197.89,9,804,45.02,0,0
2022-01-02,167.89,7,759,36.45,0,0
2022-01-03,153.59,6,683,40.14,0,0
2022-01-04,159.74,7,708,45.39,0,0
2022-01-05,162.07,7,666,40.16,0,0
2022-01-06,160.03,7,678,40.31,0,0
2022-01-07,192.9,9,758,54.04,1,0
2022-01-08,215.33,9,851,50.0,0,0
2022-01-09,166.91,7,714,36.43,0,0
2022-01-10,165.94,7,692,38.73,0,0
2022-01-11,135.31,6,612,35.82,0,0
2022-01-12,155.49,7,686,36.48,0,0
2022-01-13,156.04,6,680,45.84,0,0
2022-01-14,193.47,7,796,48.06,0,0
2022-01-15,196.12,9,786,50.98,0,0
2022-01-16,184.84,10,740,40.96,0,0
2022-01-17,203.4,9,788,49.07,1,0
2022-01-18,154.58,6,649,35.57,0,0
2022-01-19,154.83,7,682,51.71,0,0
2022-01-20,164.3,8,707,42.65,0,0
2022-01-21,177.91,7,730,38.65,0,0
2022-01-22,213.63,9,842,39.99,0,0
2022-01-23,189.07,9,734,41.78,0,0
2022-01-24,163.58,6,697,39.68,0,0
2022-01-25,145.22,7,648,42.72,0,0
2022-01-26,144.38,6,617,46.95,0,0
2022-01-27,166.57,7,713,43.41,0,0
2022-01-28,187.68,9,742,46.2,0,0
2022-01-29,198.69,9,809,44.41,0,0
2022-01-30,175.98,8,732,49.55,0,0
2022-01-31,159.26,6,701,43.42,0,0
2022-02-01,166.08,7,720,41.74,0,0
2022-02-02,148.0,5,682,53.2,0,0
2022-02-03,167.74,6,698,39.63,0,0
2022-02-04,202.84,9,827,49.14,0,0
2022-02-05,189.81,9,764,41.54,0,0
2022-02-06,186.1,7,761,44.78,0,0
2022-02-07,165.77,8,699,39.09,0,0
2022-02-08,161.59,7,670,47.73,0,0
2022-02-09,189.54,9,774,44.03,0,0
2022-02-10,174.93,7,754,44.72,0,0
2022-02-11,189.72,7,764,50.89,0,0
2022-02-12,210.09,9,854,52.98,0,0
2022-02-13,190.73,9,716,47.18,0,0
2022-02-14,158.56,6,716,37.86,0,0
2022-02-15,147.3,8,622,32.9,0,0
2022-02-16,165.61,7,711,41.9,0,0
2022-02-17,174.69,8,758,40.27,0,0
2022-02-18,215.76,9,814,50.01,0,0
2022-02-19,211.01,9,840,40.35,0,0
2022-02-20,186.73,9,792,47.86,0,0
2022-02-21,156.07,6,675,33.21,0,0
2022-02-22,178.2,7,735,43.88,0,0
2022-02-23,179.53,8,742,50.0,0,0
2022-02-24,187.8,9,770,44.68,0,0
2022-02-25,206.34,9,831,46.35,0,0
2022-02-26,212.88,11,850,54.06,0,0
2022-02-27,197.15,9,778,36.89,0,0
2022-02-28,161.98,6,681,43.04,0,0
2022-03-01,171.43,7,738,50.75,0,0
2022-03-02,189.82,8,803,41.16,0,0
2022-03-03,207.59,7,820,47.98,0,0
2022-03-04,195.0,9,779,47.99,0,0
2022-03-05,234.73,11,912,50.86,0,0
2022-03-06,205.93,9,840,48.36,0,0
2022-03-07,162.02,6,694,49.64,0,0
2022-03-08,170.85,7,719,36.6,0,0
2022-03-09,193.27,10,801,49.29,0,0
2022-03-10,205.26,9,827,58.83,1,0
2022-03-11,210.26,11,854,52.69,0,0
2022-03-12,222.92,11,869,47.82,0,0
2022-03-13,202.53,10,803,46.46,0,0
2022-03-14,167.98,7,702,40.34,0,0
2022-03-15,170.85,7,690,45.7,0,0
2022-03-16,186.03,8,772,44.86,0,0
2022-03-17,179.74,9,731,42.75,0,0
2022-03-18,199.33,9,832,42.41,0,0
2022-03-19,225.72,10,855,47.5,0,0
2022-03-20,195.59,9,788,55.75,0,0
2022-03-21,177.01,8,716,40.1,0,0
2022-03-22,163.68,7,694,36.63,0,0
2022-03-23,191.55,9,753,45.09,0,0
2022-03-24,189.2,9,746,39.79,0,0
2022-03-25,194.97,8,783,35.23,0,0
2022-03-26,242.5,10,936,47.49,0,0
2022-03-27,193.64,8,817,41.21,0,0
2022-03-28,202.42,8,840,51.57,1,0
2022-03-29,183.84,8,726,43.56,0,0
2022-03-30,175.78,7,723,46.47,0,0
2022-03-31,208.23,8,869,40.19,0,0
2022-04-01,187.01,10,751,42.93,0,0
2022-04-02,200.33,9,795,43.57,0,0
2022-04-03,205.29,9,804,44.37,0,0
2022-04-04,164.38,7,709,49.16,0,0
2022-04-05,174.01,6,746,50.54,0,0
2022-04-06,176.18,8,734,44.26,0,0
2022-04-07,185.47,7,743,46.25,0,0
2022-04-08,214.11,8,860,50.0,0,0
2022-04-09,231.19,10,895,52.04,0,0
2022-04-10,201.35,8,775,49.85,0,0
2022-04-11,174.68,8,707,38.45,0,0
2022-04-12,171.71,8,746,45.71,0,0
2022-04-13,178.4,8,769,48.05,0,0
2022-04-14,200.9,9,802,39.08,0,0
2022-04-15,201.23,9,821,45.51,0,0
2022-04-16,233.62,10,919,40.62,0,0
2022-04-17,235.76,10,896,45.93,1,0
2022-04-18,162.11,8,684,40.83,0,0
2022-04-19,177.44,8,745,47.71,0,0
2022-04-20,196.99,10,808,51.0,0,0
2022-04-21,187.28,9,742,45.48,0,0
2022-04-22,219.0,9,849,42.32,0,0
2022-04-23,230.57,10,905,52.63,0,0
2022-04-24,206.34,8,852,43.67,0,0
2022-04-25,188.65,9,762,44.59,0,0
2022-04-26,172.76,7,705,42.74,0,0
2022-04-27,191.47,8,764,50.62,0,0
2022-04-28,174.09,7,716,50.15,0,0
2022-04-29,213.36,9,836,49.52,0,0
2022-04-30,213.59,9,810,51.33,0,0
2022-05-01,228.6,10,900,54.33,1,0
2022-05-02,173.26,8,676,38.64,0,0
2022-05-03,178.53,7,701,43.46,0,0
2022-05-04,181.52,10,733,49.38,0,0
2022-05-05,208.1,10,837,45.9,0,0
2022-05-06,208.27,9,807,44.5,0,0
2022-05-07,220.5,11,867,46.34,0,0
2022-05-08,183.69,8,754,40.06,0,0
2022-05-09,179.62,9,703,47.85,0,0
2022-05-10,170.79,7,743,50.2,0,0
2022-05-11,193.15,9,777,41.7,0,0
2022-05-12,197.91,9,796,48.25,0,0
2022-05-13,219.49,10,825,41.27,0,0
2022-05-14,221.42,9,860,52.21,0,0
2022-05-15,219.65,10,876,53.05,1,0
2022-05-16,175.21,9,723,39.95,0,0
2022-05-17,164.6,7,678,40.16,0,0
2022-05-18,214.29,10,840,51.79,1,0
2022-05-19,185.63,8,758,46.06,0,0
2022-05-20,218.3,10,873,42.96,0,0
2022-05-21,224.64,10,896,45.94,0,0
2022-05-22,184.88,8,782,39.36,0,0
2022-05-23,185.68,7,760,48.48,0,0
2022-05-24,198.81,11,835,47.19,0,0
2022-05-25,190.64,7,729,47.61,0,0
2022-05-26,172.32,7,734,41.43,0,0
2022-05-27,195.44,8,780,53.52,0,0
2022-05-28,244.97,12,892,46.84,0,0
2022-05-29,201.16,11,782,41.93,0,0
2022-05-30,177.92,7,741,47.08,0,0
2022-05-31,166.54,7,709,37.45,0,0
2022-06-01,193.32,8,772,50.19,0,0
2022-06-02,189.1,8,774,46.58,0,0
2022-06-03,197.23,10,780,47.37,0,0
2022-06-04,222.76,10,881,52.79,0,0
2022-06-05,226.59,10,884,59.83,1,0
2022-06-06,172.34,7,696,44.52,0,0
2022-06-07,178.78,8,743,45.47,0,0
2022-06-08,201.66,8,823,49.35,1,0
2022-06-09,209.65,10,813,42.94,1,0
2022-06-10,224.51,11,840,46.32,0,0
2022-06-11,243.86,11,917,42.28,0,0
2022-06-12,219.31,9,870,46.7,0,0
2022-06-13,180.21,8,733,50.15,0,0
2022-06-14,178.71,8,753,43.3,0,0
2022-06-15,173.27,7,688,45.96,0,0
2022-06-16,177.78,7,714,42.63,0,0
2022-06-17,191.87,9,786,46.3,0,0
2022-06-18,229.98,14,893,47.88,0,0
2022-06-19,206.17,10,812,51.39,0,0
2022-06-20,180.84,8,730,44.71,0,0
2022-06-21,165.91,7,721,34.42,0,0
2022-06-22,176.24,8,726,39.7,0,0
2022-06-23,193.05,8,815,44.01,0,0
2022-06-24,195.26,9,786,41.02,0,0
2022-06-25,225.51,9,874,48.99,0,0
2022-06-26,209.92,10,818,44.88,0,0
2022-06-27,178.99,8,764,35.84,0,0
2022-06-28,172.09,8,689,46.6,0,0
2022-06-29,211.91,9,852,51.83,1,0
2022-06-30,186.98,9,754,41.76,0,0
2022-07-01,202.53,9,781,46.48,0,0
2022-07-02,205.05,10,819,45.85,0,0
2022-07-03,177.51,8,716,38.74,0,0
2022-07-04,175.09,10,757,42.59,0,0
2022-07-05,164.4,8,684,37.25,0,0
2022-07-06,195.6,10,763,54.58,0,0
2022-07-07,182.31,8,721,44.03,0,0
2022-07-08,251.98,12,985,58.0,1,0
2022-07-09,211.88,9,839,51.95,0,0
2022-07-10,209.21,9,816,53.34,0,0
2022-07-11,204.21,9,828,50.8,1,0
2022-07-12,179.23,8,739,50.87,0,0
2022-07-13,167.82,6,706,33.18,0,0
2022-07-14,171.86,8,740,48.62,0,0
2022-07-15,195.68,10,804,54.18,0,0
2022-07-16,233.83,11,863,51.13,0,0
2022-07-17,198.53,8,797,48.24,0,0
2022-07-18,182.65,8,769,46.84,0,0
2022-07-19,153.63,7,673,37.54,0,0
2022-07-20,191.68,8,779,42.84,0,0
2022-07-21,190.99,8,728,44.61,0,0
2022-07-22,193.4,11,805,50.95,0,0
2022-07-23,209.75,9,813,50.72,0,0
2022-07-24,191.45,8,776,48.93,0,0
2022-07-25,174.31,7,744,46.39,0,0
2022-07-26,161.43,6,712,43.69,0,0
2022-07-27,180.0,7,725,44.74,0,0
2022-07-28,193.31,8,790,48.95,1,0
2022-07-29,211.36,9,824,44.37,0,0
2022-07-30,227.41,10,878,50.56,0,0
2022-07-31,199.51,8,801,52.87,0,0
2022-08-01,157.18,8,700,41.99,0,0
2022-08-02,171.78,7,709,49.48,0,0
2022-08-03,161.36,7,724,44.34,0,0
2022-08-04,189.71,8,778,40.5,0,0
2022-08-05,184.14,9,703,43.01,0,0
2022-08-06,212.05,9,834,51.35,0,0
2022-08-07,197.73,8,756,45.71,0,0
2022-08-08,155.97,7,680,40.04,0,0
2022-08-09,141.9,7,632,41.74,0,0
2022-08-10,166.12,7,703,42.73,0,0
2022-08-11,169.9,8,762,42.19,0,0
2022-08-12,218.88,8,847,46.79,1,0
2022-08-13,214.01,10,850,46.28,0,0
2022-08-14,215.43,9,914,51.53,1,0
2022-08-15,165.94,7,726,45.18,0,0
2022-08-16,151.28,7,666,43.43,0,0
2022-08-17,165.8,8,713,42.57,0,0
2022-08-18,177.89,6,733,53.61,0,0
2022-08-19,184.92,7,776,47.5,0,0
2022-08-20,228.07,10,856,56.75,1,0
2022-08-21,186.63,8,766,35.9,0,0
2022-08-22,186.9,8,747,36.11,0,0
2022-08-23,180.99,8,756,48.09,0,0
2022-08-24,145.82,7,673,35.56,0,0
2022-08-25,168.3,7,680,39.15,0,0
2022-08-26,191.99,8,778,41.38,0,0
2022-08-27,209.35,8,838,50.01,0,0
2022-08-28,185.81,7,746,47.39,0,0
2022-08-29,157.71,7,682,43.87,0,0
2022-08-30,184.52,8,773,52.77,1,0
2022-08-31,157.2,7,682,37.26,0,0
2022-09-01,156.07,6,663,41.84,0,0
2022-09-02,181.73,9,770,54.5,0,0
2022-09-03,210.01,8,866,43.03,0,0
2022-09-04,192.32,9,783,37.45,0,0
2022-09-05,187.03,8,787,39.83,0,0
2022-09-06,151.53,6,668,38.08,0,0
2022-09-07,178.41,8,711,42.31,0,0
2022-09-08,171.45,8,737,44.73,0,0
2022-09-09,188.98,8,795,46.61,0,0
2022-09-10,216.75,9,878,46.43,0,0
2022-09-11,184.39,9,753,44.97,0,0
2022-09-12,155.74,7,732,40.91,0,0
2022-09-13,150.99,7,673,36.8,0,0
2022-09-14,158.85,7,682,42.78,0,0
2022-09-15,161.28,8,662,46.93,0,0
2022-09-16,197.29,8,774,51.66,0,0
2022-09-17,212.07,10,822,41.67,0,0
2022-09-18,202.78,9,781,54.44,1,0
2022-09-19,148.64,7,690,40.06,0,0
2022-09-20,167.92,8,725,41.01,0,0
2022-09-21,166.86,7,658,40.19,0,0
2022-09-22,170.93,8,717,46.0,0,0
2022-09-23,191.37,8,782,41.13,0,0
2022-09-24,209.03,10,828,38.58,0,0
2022-09-25,177.15,9,795,41.02,0,0
2022-09-26,175.44,9,715,49.3,0,0
2022-09-27,169.54,9,749,41.43,0,0
2022-09-28,198.65,8,794,52.48,1,0
2022-09-29,146.84,6,696,39.75,0,0
2022-09-30,194.07,9,717,50.34,0,0
2022-10-01,211.52,10,839,49.16,0,0
2022-10-02,193.2,8,826,56.28,0,0
2022-10-03,197.43,10,806,54.82,1,0
2022-10-04,171.64,7,692,37.21,0,0
2022-10-05,168.0,7,669,42.98,0,0
2022-10-06,150.06,8,638,48.29,0,0
2022-10-07,212.77,10,811,39.05,0,0
2022-10-08,231.8,12,862,57.04,0,0
2022-10-09,193.77,8,820,44.95,0,0
2022-10-10,149.57,7,654,38.33,0,0
2022-10-11,168.9,8,690,39.36,0,0
2022-10-12,170.62,7,690,42.12,0,0
2022-10-13,162.55,7,661,42.5,0,0
2022-10-14,203.17,9,821,42.53,0,0
2022-10-15,240.1,12,923,47.72,0,0
2022-10-16,190.87,7,756,51.72,0,0
2022-10-17,166.59,7,741,38.82,0,0
2022-10-18,150.79,7,637,41.18,0,0
2022-10-19,168.26,6,694,46.5,0,0
2022-10-20,194.81,8,790,52.57,0,0
2022-10-21,194.63,9,761,44.03,0,0
2022-10-22,209.95,9,838,47.65,0,0
2022-10-23,185.79,8,727,39.54,0,0
2022-10-24,171.45,7,699,44.21,0,0
2022-10-25,152.16,6,696,43.27,0,0
2022-10-26,178.64,8,742,45.16,0,0
2022-10-27,169.64,7,721,41.57,0,0
2022-10-28,205.92,9,805,47.41,0,0
2022-10-29,234.65,10,919,41.56,0,0
2022-10-30,187.59,8,761,49.18,0,0
2022-10-31,173.26,7,700,37.16,0,0
2022-11-01,191.41,8,809,40.21,0,1
2022-11-02,200.69,10,809,38.8,0,1
2022-11-03,202.96,10,833,42.91,0,1
2022-11-04,232.64,11,890,49.48,0,1
2022-11-05,213.5,9,820,52.27,0,1
2022-11-06,211.47,8,844,54.64,0,1
2022-11-07,180.35,9,754,50.43,0,1
2022-11-08,216.69,11,860,53.82,1,1
2022-11-09,209.57,11,843,43.41,0,1
2022-11-10,202.45,9,792,44.48,0,1
2022-11-11,216.49,10,890,46.94,0,1
2022-11-12,246.75,10,951,52.32,0,1
2022-11-13,267.23,14,1014,57.33,1,1
2022-11-14,217.88,9,811,56.35,1,1
2022-11-15,185.33,9,723,38.09,0,1
2022-11-16,202.86,8,786,44.66,0,1
2022-11-17,201.17,9,767,43.57,0,1
2022-11-18,234.51,11,894,46.93,0,1
2022-11-19,232.05,12,902,49.05,0,1
2022-11-20,212.67,8,843,47.62,0,1
2022-11-21,198.31,9,811,52.96,1,1
2022-11-22,190.0,9,827,44.44,0,1
2022-11-23,203.0,10,782,49.03,0,1
2022-11-24,197.49,9,774,44.73,0,1
2022-11-25,218.97,9,879,42.88,0,1
2022-11-26,249.54,12,931,53.91,0,1
2022-11-27,248.12,11,910,45.98,0,1
2022-11-28,184.0,8,734,51.07,0,1
2022-11-29,196.27,8,794,40.41,0,1
2022-11-30,201.29,9,805,42.07,0,1
2022-12-01,182.21,9,749,46.52,0,1
2022-12-02,239.7,12,923,52.24,0,1
2022-12-03,251.48,11,959,50.22,0,1
2022-12-04,244.58,10,902,57.54,1,1
2022-12-05,198.48,9,781,51.53,0,1
2022-12-06,187.99,8,781,50.83,0,1
2022-12-07,219.91,9,866,41.8,0,1
2022-12-08,229.93,9,858,59.82,1,1
2022-12-09,217.6,9,848,43.8,0,1
2022-12-10,253.25,9,959,52.96,0,1
2022-12-11,220.13,11,830,55.58,0,1
2022-12-12,220.02,9,794,47.37,0,1
2022-12-13,194.95,8,764,41.96,0,1
2022-12-14,222.38,11,888,46.26,0,1
2022-12-15,212.2,8,805,42.7,0,1
2022-12-16,222.88,9,871,50.58,0,1
2022-12-17,281.09,12,1008,51.25,0,1
2022-12-18,224.05,11,858,40.89,0,1
2022-12-19,200.61,9,848,43.07,0,1
2022-12-20,212.95,8,850,44.26,0,1
2022-12-21,224.88,9,912,50.92,0,1
2022-12-22,222.64,11,809,50.82,0,1
2022-12-23,246.22,9,934,51.16,0,1
2022-12-24,281.36,11,1054,55.66,0,1
2022-12-25,279.09,14,1038,59.33,1,1
2022-12-26,218.32,9,855,51.71,0,1
2022-12-27,205.17,9,796,42.08,0,1
2022-12-28,193.63,8,812,52.24,0,1
2022-12-29,224.03,9,858,41.29,0,1
2022-12-30,240.35,10,954,44.2,0,1
2022-12-31,284.12,11,1046,56.92,0,1
2023-01-01,218.69,10,881,48.25,0,0
2023-01-02,191.76,9,752,44.15,0,0
2023-01-03,185.32,8,760,49.34,0,0
2023-01-04,207.11,12,839,53.8,0,0
2023-01-05,202.41,9,788,45.11,0,0
2023-01-06,237.68,9,885,53.33,0,0
2023-01-07,266.01,12,978,53.06,0,0
2023-01-08,225.4,11,862,41.46,0,0
2023-01-09,205.25,9,855,47.09,0,0
2023-01-10,198.68,7,748,50.15,0,0
2023-01-11,211.76,10,820,44.91,0,0
2023-01-12,193.97,8,817,51.77,0,0
2023-01-13,227.14,10,875,49.19,0,0
2023-01-14,260.21,13,1006,55.83,0,0
2023-01-15,232.04,11,893,49.19,0,0
2023-01-16,201.91,9,796,46.48,0,0
2023-01-17,170.14,8,753,45.87,0,0
2023-01-18,197.78,10,808,39.5,0,0
2023-01-19,220.34,11,858,51.36,1,0
2023-01-20,255.04,13,933,55.66,0,0
2023-01-21,244.09,11,923,50.34,0,0
2023-01-22,231.72,10,876,46.79,0,0
2023-01-23,211.41,8,810,48.4,0,0
2023-01-24,188.24,8,790,53.26,0,0
2023-01-25,197.5,9,768,37.07,0,0
2023-01-26,213.54,10,810,47.36,0,0
2023-01-27,219.25,10,881,46.04,0,0
2023-01-28,262.18,13,979,47.22,0,0
2023-01-29,254.92,12,915,65.57,1,0
2023-01-30,209.74,11,838,45.53,0,0
2023-01-31,179.47,9,719,48.91,0,0
2023-02-01,219.62,9,855,42.13,0,0
2023-02-02,227.82,10,892,42.01,0,0
2023-02-03,235.86,11,945,39.25,0,0
2023-02-04,270.67,11,1019,56.43,0,0
2023-02-05,236.21,10,879,59.59,0,0
2023-02-06,224.54,9,900,52.7,0,0
2023-02-07,210.06,10,816,45.33,0,0
2023-02-08,215.29,9,821,44.48,0,0
2023-02-09,203.66,9,823,47.0,0,0
2023-02-10,262.35,12,990,58.95,1,0
2023-02-11,265.74,11,960,44.66,0,0
2023-02-12,231.43,10,909,56.24,0,0
2023-02-13,204.68,10,810,45.91,0,0
2023-02-14,216.4,9,889,51.58,0,0
2023-02-15,248.64,10,909,65.45,1,0
2023-02-16,233.8,10,885,56.79,0,0
2023-02-17,251.07,11,974,46.06,0,0
2023-02-18,272.46,10,1014,48.16,0,0
2023-02-19,263.87,13,979,50.53,1,0
2023-02-20,201.93,9,816,51.61,0,0
2023-02-21,208.93,8,768,39.56,0,0
2023-02-22,235.38,10,908,51.45,0,0
2023-02-23,225.52,10,864,45.02,0,0
2023-02-24,261.18,13,939,51.67,0,0
2023-02-25,266.89,11,1007,48.66,0,0
2023-02-26,242.11,10,914,46.7,0,0
2023-02-27,215.94,8,873,51.65,0,0
2023-02-28,239.9,9,927,56.93,1,0
2023-03-01,223.21,9,869,47.34,0,0
2023-03-02,228.28,11,883,51.74,0,0
2023-03-03,254.03,12,980,45.31,0,0
2023-03-04,284.56,11,1007,55.31,0,0
2023-03-05,251.83,12,984,46.76,0,0
2023-03-06,214.31,8,857,47.42,0,0
2023-03-07,203.31,8,847,47.29,0,0
2023-03-08,218.06,10,845,51.86,0,0
2023-03-09,247.59,9,929,46.75,0,0
2023-03-10,261.85,11,958,50.89,0,0
2023-03-11,291.17,11,1082,46.83,0,0
2023-03-12,258.12,11,951,51.19,0,0
2023-03-13,221.0,10,877,53.07,0,0
2023-03-14,216.78,10,856,57.18,0,0
2023-03-15,231.67,8,886,49.16,0,0
2023-03-16,217.32,9,849,41.79,0,0
2023-03-17,264.83,12,1007,56.34,0,0
2023-03-18,277.31,14,1021,52.24,0,0
2023-03-19,272.36,13,1024,60.36,1,0
2023-03-20,224.5,11,825,51.45,0,0
2023-03-21,242.67,13,900,52.68,0,0
2023-03-22,212.15,10,823,40.42,0,0
2023-03-23,213.54,8,861,48.78,0,0
2023-03-24,263.21,10,971,46.53,0,0
2023-03-25,265.85,11,1004,55.57,0,0
2023-03-26,251.78,11,939,58.26,0,0
2023-03-27,202.04,9,783,48.5,0,0
2023-03-28,220.51,11,853,37.59,0,0
2023-03-29,229.67,9,881,52.54,0,0
2023-03-30,225.85,10,890,46.59,0,0
2023-03-31,275.65,12,1037,57.67,0,0
2023-04-01,289.1,12,1078,63.21,0,0
2023-04-02,260.68,13,1007,57.08,0,0
2023-04-03,240.16,10,920,53.09,1,0
2023-04-04,220.67,11,829,41.46,0,0
2023-04-05,219.79,11,833,48.12,0,0
2023-04-06,259.79,10,967,47.78,0,0
2023-04-07,273.73,12,1042,60.15,0,0
2023-04-08,290.05,12,1040,58.57,0,0
2023-04-09,266.16,14,967,48.47,0,0
2023-04-10,226.19,9,885,52.73,0,0
2023-04-11,215.79,8,834,44.91,0,0
2023-04-12,233.37,11,920,53.83,0,0
2023-04-13,218.69,10,844,45.95,0,0
2023-04-14,260.68,10,972,55.54,0,0
2023-04-15,291.09,14,1063,50.89,0,0
2023-04-16,248.42,14,937,43.11,0,0
2023-04-17,245.93,10,917,44.26,0,0
2023-04-18,214.32,10,820,45.39,0,0
2023-04-19,234.7,10,912,48.87,0,0
2023-04-20,256.81,12,958,43.56,0,0
2023-04-21,273.34,12,1011,52.18,0,0
2023-04-22,310.58,14,1090,59.51,0,0
2023-04-23,257.54,12,966,55.19,0,0
2023-04-24,210.0,9,838,44.51,0,0
2023-04-25,193.18,7,795,38.16,0,0
2023-04-26,219.71,11,899,59.27,0,0
2023-04-27,239.08,10,904,42.67,0,0
2023-04-28,274.69,13,1016,52.83,0,0
2023-04-29,298.96,13,1062,62.27,0,0
2023-04-30,242.43,10,889,48.13,0,0
2023-05-01,218.14,9,872,47.76,0,0
2023-05-02,250.29,9,915,54.43,1,0
2023-05-03,209.71,11,834,47.09,0,0
2023-05-04,227.51,12,897,50.94,0,0
2023-05-05,295.12,13,1115,61.66,1,0
2023-05-06,290.14,12,1081,49.73,0,0
2023-05-07,292.55,12,1092,64.14,1,0
2023-05-08,225.39,11,890,53.96,0,0
2023-05-09,241.99,11,946,49.17,1,0
2023-05-10,222.22,11,850,42.71,0,0
2023-05-11,238.94,10,962,49.71,0,0
2023-05-12,261.21,10,965,52.93,0,0
2023-05-13,295.23,13,1063,59.74,0,0
2023-05-14,268.79,12,1030,59.96,1,0
2023-05-15,241.58,11,973,47.59,0,0
2023-05-16,209.37,10,847,53.09,0,0
2023-05-17,226.42,12,896,49.03,0,0
2023-05-18,242.24,10,910,53.76,0,0
2023-05-19,269.6,11,996,48.75,0,0
2023-05-20,291.86,12,1045,56.22,0,0
2023-05-21,275.33,13,1002,61.87,1,0
2023-05-22,201.14,10,843,57.56,0,0
2023-05-23,213.78,9,810,43.88,0,0
2023-05-24,236.52,10,926,52.42,0,0
2023-05-25,266.36,12,1019,62.13,1,0
2023-05-26,271.39,11,1004,55.16,0,0
2023-05-27,281.34,11,1041,51.73,0,0
2023-05-28,244.21,9,850,49.31,0,0
2023-05-29,209.55,10,832,47.85,0,0
2023-05-30,220.18,9,839,50.17,0,0
2023-05-31,258.47,10,920,64.16,1,0
2023-06-01,232.17,12,904,52.06,0,0
2023-06-02,287.66,10,1035,54.8,1,0
2023-06-03,280.6,13,1031,45.44,0,0
2023-06-04,246.59,10,934,50.48,0,0
2023-06-05,226.94,9,893,48.48,0,0
2023-06-06,205.36,8,811,49.52,0,0
2023-06-07,242.06,11,915,49.83,0,0
2023-06-08,246.44,12,924,45.57,0,0
2023-06-09,304.01,13,1097,58.4,1,0
2023-06-10,294.0,13,1093,52.6,0,0
2023-06-11,243.24,12,944,44.72,0,0
2023-06-12,256.25,10,953,53.93,1,0
2023-06-13,210.68,11,830,47.02,0,0
2023-06-14,226.49,9,872,45.92,0,0
2023-06-15,234.31,9,874,50.56,0,0
2023-06-16,254.73,12,1006,53.34,0,0
2023-06-17,279.59,14,1014,55.46,0,0
2023-06-18,254.63,11,972,51.39,0,0
2023-06-19,226.74,10,879,45.89,0,0
2023-06-20,218.05,10,875,42.55,0,0
2023-06-21,248.97,12,890,54.33,0,0
2023-06-22,249.21,8,959,51.63,0,0
2023-06-23,255.98,11,975,54.66,0,0
2023-06-24,278.81,13,971,49.87,0,0
2023-06-25,249.62,11,950,50.66,0,0
2023-06-26,222.03,9,878,41.1,0,0
2023-06-27,224.68,10,845,49.24,0,0
2023-06-28,214.98,11,832,42.88,0,0
2023-06-29,220.07,10,853,43.05,0,0
2023-06-30,279.85,12,1014,58.74,1,0
2023-07-01,305.52,14,1098,53.45,0,0
2023-07-02,256.69,10,1004,49.94,0,0
2023-07-03,197.93,8,807,42.67,0,0
2023-07-04,208.06,8,829,49.78,0,0
2023-07-05,201.68,8,824,49.06,0,0
2023-07-06,228.61,10,865,50.1,0,0
2023-07-07,249.0,9,910,52.23,0,0
2023-07-08,286.3,14,1042,51.93,0,0
2023-07-09,254.82,13,963,59.92,0,0
2023-07-10,229.27,11,891,54.2,0,0
2023-07-11,208.89,9,816,46.22,0,0
2023-07-12,225.1,10,833,49.93,0,0
2023-07-13,234.55,12,909,42.37,0,0
2023-07-14,255.7,10,942,46.31,0,0
2023-07-15,291.05,13,1048,63.64,1,0
2023-07-16,230.52,10,906,56.38,0,0
2023-07-17,215.85,11,845,53.87,0,0
2023-07-18,187.34,8,799,43.32,0,0
2023-07-19,233.46,11,894,49.62,0,0
2023-07-20,211.63,9,832,43.05,0,0
2023-07-21,259.2,10,966,49.7,0,0
2023-07-22,266.65,12,994,58.15,0,0
2023-07-23,222.29,11,857,47.66,0,0
2023-07-24,211.35,9,831,43.68,0,0
2023-07-25,198.78,9,788,44.9,0,0
2023-07-26,201.54,10,814,40.47,0,0
2023-07-27,229.77,10,904,54.43,0,0
2023-07-28,246.0,13,924,54.69,0,0
2023-07-29,265.74,12,982,57.27,0,0
2023-07-30,252.9,15,965,41.71,0,0
2023-07-31,192.17,9,814,44.47,0,0
2023-08-01,215.78,9,830,46.75,0,0
2023-08-02,220.31,10,856,57.65,0,0
2023-08-03,221.26,10,869,42.17,0,0
2023-08-04,217.49,9,906,48.95,0,0
2023-08-05,269.53,12,981,51.15,0,0
2023-08-06,230.54,11,934,51.49,0,0
2023-08-07,221.75,11,886,45.65,0,0
2023-08-08,198.09,9,801,41.74,0,0
2023-08-09,197.14,8,753,47.27,0,0
2023-08-10,210.09,8,813,49.04,0,0
2023-08-11,264.68,13,983,56.03,1,0
2023-08-12,266.25,12,1014,55.4,0,0
2023-08-13,257.16,12,959,60.83,1,0
2023-08-14,215.4,8,859,50.72,0,0
2023-08-15,205.1,10,820,46.93,0,0
2023-08-16,204.49,8,803,50.86,0,0
2023-08-17,233.57,11,907,55.64,0,0
2023-08-18,242.6,11,936,44.65,0,0
2023-08-19,251.0,12,930,48.99,0,0
2023-08-20,225.06,10,876,48.14,0,0
2023-08-21,216.97,11,893,46.33,0,0
2023-08-22,209.59,9,851,46.82,0,0
2023-08-23,218.14,10,895,45.78,0,0
2023-08-24,203.69,9,813,37.06,0,0
2023-08-25,259.21,14,961,53.81,1,0
2023-08-26,283.05,13,1023,49.19,1,0
2023-08-27,245.63,11,920,57.92,0,0
2023-08-28,202.02,9,863,44.31,0,0
2023-08-29,202.42,11,779,40.34,0,0
2023-08-30,192.81,8,751,34.7,0,0
2023-08-31,188.97,10,729,49.12,0,0
2023-09-01,236.99,9,907,50.69,0,0
2023-09-02,264.09,10,986,42.7,0,0
2023-09-03,230.64,9,884,46.57,0,0
2023-09-04,205.34,9,823,46.61,0,0
2023-09-05,193.09,10,781,44.6,0,0
2023-09-06,209.76,8,802,47.59,0,0
2023-09-07,216.22,9,842,49.01,0,0
2023-09-08,233.58,9,927,48.96,0,0
2023-09-09,245.41,10,915,43.67,0,0
2023-09-10,225.59,10,892,53.61,0,0
2023-09-11,213.86,10,833,47.16,0,0
2023-09-12,171.0,8,732,41.76,0,0
2023-09-13,200.85,9,806,46.14,0,0
2023-09-14,211.46,9,825,48.52,0,0
2023-09-15,250.45,11,939,50.68,1,0
2023-09-16,273.92,12,1020,51.11,0,0
2023-09-17,254.53,10,966,56.54,1,0
2023-09-18,204.07,8,836,47.87,0,0
2023-09-19,186.68,10,725,52.93,0,0
2023-09-20,201.17,8,803,45.48,0,0
2023-09-21,210.36,8,829,48.32,0,0
2023-09-22,232.18,10,895,50.54,0,0
2023-09-23,252.62,10,930,48.73,0,0
2023-09-24,247.35,11,915,57.7,1,0
2023-09-25,207.06,9,831,43.95,0,0
2023-09-26,179.97,8,747,52.62,0,0
2023-09-27,219.26,10,878,54.3,0,0
2023-09-28,215.61,10,791,47.87,0,0
2023-09-29,235.06,10,929,48.82,0,0
2023-09-30,264.66,12,990,50.43,0,0
2023-10-01,215.83,9,860,49.5,0,0
2023-10-02,227.86,10,908,46.2,1,0
2023-10-03,184.31,8,775,43.2,0,0
2023-10-04,207.5,10,816,45.05,0,0
2023-10-05,206.13,10,811,46.7,0,0
2023-10-06,226.58,10,886,48.69,0,0
2023-10-07,249.13,11,948,47.19,0,0
2023-10-08,232.92,11,920,51.45,0,0
2023-10-09,194.75,9,730,52.65,0,0
2023-10-10,183.77,8,758,46.27,0,0
2023-10-11,210.13,9,866,47.88,0,0
2023-10-12,217.3,11,868,48.47,0,0
2023-10-13,237.9,10,915,51.0,0,0
2023-10-14,247.8,13,962,45.31,0,0
2023-10-15,242.49,11,898,46.34,0,0
2023-10-16,202.9,8,810,46.47,0,0
2023-10-17,211.4,10,847,49.97,0,0
2023-10-18,209.21,8,855,48.78,0,0
2023-10-19,224.13,10,866,48.52,0,0
2023-10-20,224.27,8,863,35.25,0,0
2023-10-21,259.04,10,963,53.26,0,0
2023-10-22,256.25,11,965,58.59,1,0
2023-10-23,222.58,10,844,53.69,0,0
2023-10-24,193.0,7,790,52.21,0,0
2023-10-25,199.57,8,815,41.96,0,0
2023-10-26,211.17,9,860,47.0,0,0
2023-10-27,235.33,10,937,45.21,0,0
2023-10-28,264.62,11,960,47.92,0,0
2023-10-29,252.83,12,972,60.33,1,0
2023-10-30,197.23,8,771,46.34,0,0
2023-10-31,207.99,10,805,50.77,0,0
2023-11-01,209.31,8,842,41.22,0,1
2023-11-02,243.75,11,923,49.46,0,1
2023-11-03,272.86,12,1044,50.23,0,1
2023-11-04,295.13,11,1069,48.88,0,1
2023-11-05,238.6,10,935,41.14,0,1
2023-11-06,212.11,10,847,51.58,0,1
2023-11-07,219.3,9,888,43.58,0,1
2023-11-08,234.74,10,906,44.69,0,1
2023-11-09,223.28,9,872,49.89,0,1
2023-11-10,276.99,13,1003,54.02,0,1
2023-11-11,305.42,13,1096,55.74,0,1
2023-11-12,251.56,10,944,45.98,0,1
2023-11-13,225.85,10,839,57.69,0,1
2023-11-14,240.99,9,912,54.14,0,1
2023-11-15,240.06,9,898,57.93,0,1
2023-11-16,244.78,10,929,43.41,0,1
2023-11-17,270.87,12,999,51.28,0,1
2023-11-18,271.85,12,1055,48.0,0,1
2023-11-19,250.71,10,923,45.35,0,1
2023-11-20,245.25,11,901,52.23,0,1
2023-11-21,214.17,9,807,49.88,0,1
2023-11-22,250.63,10,943,52.44,0,1
2023-11-23,250.98,11,963,60.27,0,1
2023-11-24,263.49,11,993,57.86,0,1
2023-11-25,303.3,16,1108,50.91,0,1
2023-11-26,269.52,10,1057,54.16,0,1
2023-11-27,254.18,13,992,52.8,0,1
2023-11-28,230.26,10,925,52.36,0,1
2023-11-29,244.42,10,934,53.84,0,1
2023-11-30,236.77,10,915,56.96,0,1
2023-12-01,295.37,12,1111,59.54,0,1
2023-12-02,277.6,11,1015,59.6,0,1
2023-12-03,269.12,10,1011,53.88,0,1
2023-12-04,241.94,9,879,42.42,0,1
2023-12-05,236.07,10,870,53.61,0,1
2023-12-06,250.67,13,940,46.8,0,1
2023-12-07,250.56,11,968,47.68,0,1
2023-12-08,324.15,12,1132,61.07,1,1
2023-12-09,315.39,17,1150,54.95,0,1
2023-12-10,281.52,13,1048,54.78,0,1
2023-12-11,266.01,12,971,56.89,0,1
2023-12-12,228.03,8,880,52.88,0,1
2023-12-13,247.51,11,966,53.78,0,1
2023-12-14,256.72,11,1005,50.86,0,1
2023-12-15,270.32,13,1017,58.78,0,1
2023-12-16,320.33,16,1168,56.21,0,1
2023-12-17,271.28,12,964,54.78,0,1
2023-12-18,246.05,12,933,43.55,0,1
2023-12-19,242.32,12,909,42.89,0,1
2023-12-20,281.04,12,1040,58.41,1,1
2023-12-21,276.7,13,1041,61.76,1,1
2023-12-22,291.18,13,1040,57.2,0,1
2023-12-23,301.39,14,1115,40.64,0,1
2023-12-24,279.78,13,1009,57.23,0,1
2023-12-25,244.35,10,885,46.02,0,1
2023-12-26,275.59,13,1039,65.31,1,1
2023-12-27,262.18,11,1015,57.0,0,1
2023-12-28,259.34,12,1002,47.19,0,1
2023-12-29,298.45,12,1073,57.78,0,1
2023-12-30,324.25,14,1172,58.83,0,1
2023-12-31,290.09,14,1030,45.64,0,1
2024-01-01,219.64,9,860,46.38,0,0
2024-01-02,201.54,9,836,40.9,0,0
2024-01-03,241.83,9,966,49.46,0,0
2024-01-04,225.45,9,845,50.38,0,0
2024-01-05,281.49,13,1033,53.04,0,0
2024-01-06,288.73,12,1061,58.84,0,0
2024-01-07,273.88,13,1023,56.14,0,0
2024-01-08,225.89,10,895,50.96,0,0
2024-01-09,210.22,10,812,43.93,0,0
2024-01-10,226.1,8,882,45.78,0,0
2024-01-11,253.73,10,934,50.4,0,0
2024-01-12,261.97,10,1026,41.89,0,0
2024-01-13,314.5,16,1093,62.52,0,0
2024-01-14,275.79,11,973,44.31,0,0
2024-01-15,255.52,11,931,56.17,0,0
2024-01-16,247.73,11,927,45.42,0,0
2024-01-17,264.66,12,991,45.19,0,0
2024-01-18,243.71,10,938,51.95,0,0
2024-01-19,282.26,12,1039,57.36,0,0
2024-01-20,320.99,15,1160,56.59,0,0
2024-01-21,272.63,12,1018,52.37,0,0
2024-01-22,246.1,10,890,44.66,0,0
2024-01-23,224.03,8,844,48.63,0,0
2024-01-24,258.6,11,973,47.63,0,0
2024-01-25,259.54,12,955,50.68,0,0
2024-01-26,279.97,10,1022,53.03,0,0
2024-01-27,330.64,13,1178,62.02,0,0
2024-01-28,270.0,12,1020,57.18,0,0
2024-01-29,254.03,13,980,54.09,0,0
2024-01-30,252.31,13,973,50.89,0,0
2024-01-31,256.73,10,961,43.26,0,0
2024-02-01,262.03,10,1043,57.73,0,0
2024-02-02,305.46,14,1113,52.52,0,0
2024-02-03,335.65,14,1192,54.42,0,0
2024-02-04,284.65,14,1036,51.4,0,0
2024-02-05,245.01,10,948,46.29,0,0
2024-02-06,232.42,11,914,49.37,0,0
2024-02-07,253.45,12,958,48.3,0,0
2024-02-08,281.93,11,1030,58.61,0,0
2024-02-09,280.44,13,1022,46.93,0,0
2024-02-10,318.77,14,1165,53.78,0,0
2024-02-11,274.69,11,1063,40.92,0,0
2024-02-12,244.73,10,916,50.56,0,0
2024-02-13,247.81,10,911,57.65,0,0
2024-02-14,290.52,14,1044,57.35,1,0
2024-02-15,264.91,12,1007,49.43,0,0
2024-02-16,302.72,12,1081,52.82,0,0
2024-02-17,359.59,15,1268,70.46,1,0
2024-02-18,276.22,12,1050,57.35,0,0
2024-02-19,258.65,12,949,43.66,0,0
2024-02-20,241.65,11,919,51.24,0,0
2024-02-21,259.62,12,972,58.85,0,0
2024-02-22,266.17,11,1004,48.34,0,0
2024-02-23,292.34,14,1083,51.76,0,0
2024-02-24,314.38,14,1094,51.26,0,0
2024-02-25,293.79,12,1090,51.52,0,0
2024-02-26,264.49,12,976,44.51,0,0
2024-02-27,247.01,10,907,51.73,0,0
2024-02-28,255.05,12,961,47.63,0,0
2024-02-29,278.25,11,1029,53.66,0,0
2024-03-01,320.56,12,1172,54.46,0,0
2024-03-02,335.1,15,1175,55.31,0,0
2024-03-03,315.39,15,1161,64.83,0,0
2024-03-04,259.17,13,983,47.74,0,0
2024-03-05,257.06,11,954,49.09,0,0
2024-03-06,270.06,10,1008,50.21,0,0
2024-03-07,285.14,13,1061,55.82,0,0
2024-03-08,315.56,14,1154,52.31,0,0
2024-03-09,348.34,18,1231,63.84,0,0
2024-03-10,302.12,14,1099,59.08,0,0
2024-03-11,273.82,11,1039,54.11,0,0
2024-03-12,265.82,10,1001,48.01,0,0
2024-03-13,271.59,11,988,49.21,0,0
2024-03-14,275.11,11,996,40.62,0,0
2024-03-15,322.12,14,1164,57.55,1,0
2024-03-16,352.95,16,1253,65.94,0,0
2024-03-17,305.47,11,1098,56.74,0,0
2024-03-18,257.42,12,977,58.99,0,0
2024-03-19,263.85,12,998,53.08,0,0
2024-03-20,292.74,13,1046,52.9,0,0
2024-03-21,287.14,13,1092,53.34,0,0
2024-03-22,322.44,14,1145,57.2,0,0
2024-03-23,354.6,16,1257,51.89,0,0
2024-03-24,308.91,13,1083,56.67,0,0
2024-03-25,279.14,12,998,57.19,0,0
2024-03-26,253.96,10,937,53.87,0,0
2024-03-27,274.99,12,984,48.37,0,0
2024-03-28,267.39,12,976,52.51,0,0
2024-03-29,341.51,14,1210,64.28,1,0
2024-03-30,343.31,17,1206,62.78,0,0
2024-03-31,301.31,14,1104,53.56,0,0
2024-04-01,266.21,11,1004,54.49,0,0
2024-04-02,243.61,10,917,40.95,0,0
2024-04-03,277.19,12,1002,50.39,0,0
2024-04-04,293.72,12,1087,59.11,0,0
2024-04-05,326.71,16,1145,53.34,0,0
2024-04-06,345.33,15,1226,64.71,0,0
2024-04-07,341.97,16,1215,62.38,1,0
2024-04-08,267.61,11,1013,38.26,0,0
2024-04-09,267.47,10,964,55.18,0,0
2024-04-10,282.76,14,1062,48.58,0,0
2024-04-11,283.24,11,1061,55.19,0,0
2024-04-12,300.23,14,1096,60.54,0,0
2024-04-13,325.27,13,1164,58.51,0,0
2024-04-14,312.65,15,1144,55.82,0,0
2024-04-15,260.29,12,924,53.23,0,0
2024-04-16,268.88,13,1025,48.82,0,0
2024-04-17,298.69,12,1079,62.9,0,0
2024-04-18,292.2,11,1076,65.04,0,0
2024-04-19,316.36,15,1102,62.1,0,0
2024-04-20,356.79,16,1244,54.97,0,0
2024-04-21,323.0,13,1162,58.42,0,0
2024-04-22,269.85,13,964,46.34,0,0
2024-04-23,273.8,14,1043,47.74,0,0
2024-04-24,281.27,11,1055,52.05,0,0
2024-04-25,289.11,13,1088,54.97,0,0
2024-04-26,307.74,12,1127,54.96,0,0
2024-04-27,344.3,15,1227,61.11,0,0
2024-04-28,299.01,16,1079,58.24,0,0
2024-04-29,266.92,10,999,54.35,0,0
2024-04-30,254.44,11,959,52.08,0,0
2024-05-01,285.73,12,1083,53.5,0,0
2024-05-02,273.15,12,990,61.35,0,0
2024-05-03,310.6,15,1121,57.78,0,0
2024-05-04,348.84,18,1231,63.61,0,0
2024-05-05,302.67,12,1100,51.6,0,0
2024-05-06,291.01,12,1050,55.32,1,0
2024-05-07,272.64,10,1023,54.97,0,0
2024-05-08,274.48,12,1027,54.19,0,0
2024-05-09,297.12,13,1058,60.24,0,0
2024-05-10,306.44,14,1072,53.52,0,0
2024-05-11,315.99,16,1150,53.26,0,0
2024-05-12,305.75,12,1084,59.21,0,0
2024-05-13,269.45,12,1008,58.2,0,0
2024-05-14,274.76,12,1011,45.6,0,0
2024-05-15,266.52,11,998,59.19,0,0
2024-05-16,283.59,11,1020,44.95,0,0
2024-05-17,304.67,13,1084,61.53,0,0
2024-05-18,347.23,16,1243,51.69,0,0
2024-05-19,313.54,14,1076,54.45,0,0
2024-05-20,297.36,11,1104,59.32,1,0
2024-05-21,250.63,11,960,51.3,0,0
2024-05-22,278.05,12,1044,47.78,0,0
2024-05-23,294.97,13,1059,45.1,0,0
2024-05-24,322.64,14,1141,52.83,0,0
2024-05-25,335.74,16,1176,62.37,0,0
2024-05-26,289.19,13,1055,54.1,0,0
2024-05-27,265.84,11,1016,52.43,0,0
2024-05-28,265.27,13,1009,50.06,0,0
2024-05-29,275.98,12,1037,53.08,0,0
2024-05-30,270.89,13,979,55.82,0,0
2024-05-31,303.3,14,1137,63.25,0,0
2024-06-01,346.29,16,1194,57.91,0,0
2024-06-02,299.18,13,1104,53.6,0,0
2024-06-03,251.58,11,959,48.72,0,0
2024-06-04,247.37,10,910,55.5,0,0
2024-06-05,276.79,11,1001,56.57,0,0
2024-06-06,280.89,12,1014,48.82,0,0
2024-06-07,304.89,14,1080,59.04,0,0
2024-06-08,341.92,16,1217,57.54,0,0
2024-06-09,294.76,11,1096,51.79,0,0
2024-06-10,249.9,10,923,50.25,0,0
2024-06-11,262.33,13,987,53.0,0,0
2024-06-12,266.7,12,981,49.17,0,0
2024-06-13,270.22,10,1063,48.5,0,0
2024-06-14,325.97,15,1193,66.09,0,0
2024-06-15,374.58,17,1325,68.5,1,0
2024-06-16,298.97,12,1104,56.93,0,0
2024-06-17,245.93,11,951,52.25,0,0
2024-06-18,259.62,9,953,51.44,0,0
2024-06-19,267.23,11,1012,48.62,0,0
2024-06-20,294.92,13,1038,65.82,1,0
2024-06-21,286.39,17,1023,59.67,0,0
2024-06-22,349.64,14,1239,63.6,0,0
2024-06-23,279.92,14,1040,49.4,0,0
2024-06-24,271.85,11,1004,55.27,0,0
2024-06-25,250.42,11,968,53.31,0,0
2024-06-26,282.55,12,1027,61.21,1,0
2024-06-27,276.12,14,1050,47.5,0,0
2024-06-28,293.88,14,1081,58.96,0,0
2024-06-29,320.04,13,1156,62.35,0,0
2024-06-30,289.17,12,1043,53.13,0,0
2024-07-01,251.69,10,923,52.81,0,0
2024-07-02,237.45,11,926,48.71,0,0
2024-07-03,263.39,13,974,54.97,0,0
2024-07-04,272.73,14,963,49.27,0,0
2024-07-05,309.59,13,1126,57.5,0,0
2024-07-06,316.74,12,1129,63.29,0,0
2024-07-07,285.29,13,1046,52.59,0,0
2024-07-08,239.79,11,912,51.95,0,0
2024-07-09,257.14,10,922,50.02,0,0
2024-07-10,272.58,12,1011,52.01,0,0
2024-07-11,261.52,12,999,49.6,0,0
2024-07-12,311.88,14,1113,50.89,0,0
2024-07-13,317.05,14,1162,46.9,0,0
2024-07-14,278.58,12,1028,58.55,0,0
2024-07-15,272.74,11,1016,63.08,1,0
2024-07-16,242.19,11,931,50.9,0,0
2024-07-17,260.8,11,967,54.0,0,0
2024-07-18,287.49,14,1103,60.85,1,0
2024-07-19,299.41,15,1100,54.91,0,0
2024-07-20,324.86,13,1151,56.53,0,0
2024-07-21,326.67,14,1182,67.74,1,0
2024-07-22,241.69,11,928,47.95,0,0
2024-07-23,249.63,12,946,44.47,0,0
2024-07-24,255.68,12,963,50.81,0,0
2024-07-25,269.06,11,1015,62.41,0,0
2024-07-26,325.97,14,1137,67.42,1,0
2024-07-27,297.41,12,1067,56.06,0,0
2024-07-28,285.52,12,1020,53.0,0,0
2024-07-29,233.61,9,869,49.1,0,0
2024-07-30,245.53,10,878,53.36,0,0
2024-07-31,286.15,12,1044,57.64,1,0
2024-08-01,257.78,13,958,52.02,0,0
2024-08-02,297.06,13,1058,51.21,0,0
2024-08-03,320.66,17,1142,56.6,0,0
2024-08-04,291.51,12,1100,53.63,0,0
2024-08-05,232.66,8,913,47.11,0,0
2024-08-06,245.44,11,883,47.05,0,0
2024-08-07,246.32,9,928,57.71,0,0
2024-08-08,285.62,11,1074,59.74,1,0
2024-08-09,285.09,13,1048,42.51,0,0
2024-08-10,312.22,14,1131,57.68,0,0
2024-08-11,281.42,12,1041,51.13,0,0
2024-08-12,241.71,10,899,50.15,0,0
2024-08-13,222.06,10,878,53.87,0,0
2024-08-14,271.48,12,1029,49.85,0,0
2024-08-15,257.0,12,954,53.7,0,0
2024-08-16,283.72,14,1048,56.46,0,0
2024-08-17,321.2,16,1139,52.57,0,0
2024-08-18,272.24,12,1019,57.17,0,0
2024-08-19,236.58,10,939,49.05,0,0
2024-08-20,251.95,13,977,56.46,0,0
2024-08-21,246.41,12,898,49.87,0,0
2024-08-22,271.05,14,990,55.64,0,0
2024-08-23,306.82,12,1099,54.21,0,0
2024-08-24,296.82,12,1098,64.98,0,0
2024-08-25,258.46,12,968,52.71,0,0
2024-08-26,240.16,11,917,53.62,0,0
2024-08-27,244.18,10,904,44.41,0,0
2024-08-28,240.93,11,950,52.36,0,0
2024-08-29,247.43,10,948,58.0,0,0
2024-08-30,268.8,10,962,56.99,0,0
2024-08-31,320.83,13,1179,49.75,0,0
2024-09-01,264.38,11,965,51.71,0,0
2024-09-02,258.15,10,977,61.01,1,0
2024-09-03,241.24,12,905,49.8,0,0
2024-09-04,254.15,11,950,45.52,0,0
2024-09-05,253.13,13,989,56.28,0,0
2024-09-06,271.5,10,1004,52.51,0,0
2024-09-07,303.62,12,1098,54.0,0,0
2024-09-08,265.23,12,989,44.05,0,0
2024-09-09,264.25,12,993,52.61,1,0
2024-09-10,242.73,11,950,45.01,0,0
2024-09-11,251.05,11,969,46.14,0,0
2024-09-12,238.68,12,922,49.66,0,0
2024-09-13,266.68,12,1019,52.15,0,0
2024-09-14,337.62,15,1203,54.93,1,0
2024-09-15,276.63,13,1042,41.08,0,0
2024-09-16,231.64,11,911,47.62,0,0
2024-09-17,220.95,10,870,51.72,0,0
2024-09-18,229.32,10,892,40.05,0,0
2024-09-19,258.63,10,987,52.42,0,0
2024-09-20,286.35,13,1049,54.38,0,0
2024-09-21,310.82,17,1161,49.87,0,0
2024-09-22,276.83,12,1031,57.27,0,0
2024-09-23,233.63,11,917,56.38,0,0
2024-09-24,232.01,10,864,53.68,0,0
2024-09-25,240.69,12,935,40.48,0,0
2024-09-26,246.23,12,948,48.21,0,0
2024-09-27,259.59,12,986,52.25,0,0
2024-09-28,305.45,13,1148,50.85,0,0
2024-09-29,276.11,13,1031,48.19,0,0
2024-09-30,274.48,13,1030,54.98,1,0
2024-10-01,220.79,10,870,50.44,0,0
2024-10-02,262.7,11,1003,49.58,0,0
2024-10-03,264.76,12,969,47.6,0,0
2024-10-04,274.28,14,985,55.34,0,0
2024-10-05,300.72,14,1096,53.66,0,0
2024-10-06,279.94,12,1059,56.27,0,0
2024-10-07,238.82,10,888,42.29,0,0
2024-10-08,255.3,10,970,67.92,1,0
2024-10-09,241.73,12,921,54.16,0,0
2024-10-10,250.33,12,907,52.76,0,0
2024-10-11,295.66,12,1083,51.36,0,0
2024-10-12,304.24,14,1088,58.23,0,0
2024-10-13,272.38,12,977,54.9,0,0
2024-10-14,250.76,10,989,51.45,0,0
2024-10-15,275.79,12,1015,52.4,1,0
2024-10-16,246.09,10,957,51.98,0,0
2024-10-17,276.16,10,1007,60.73,1,0
2024-10-18,288.06,12,1080,55.06,0,0
2024-10-19,317.07,13,1138,61.23,0,0
2024-10-20,266.26,10,1001,60.71,0,0
2024-10-21,267.74,10,1012,58.61,0,0
2024-10-22,228.97,9,876,48.29,0,0
2024-10-23,287.74,13,1034,58.74,1,0
2024-10-24,248.75,11,949,52.61,0,0
2024-10-25,296.15,14,1064,38.67,0,0
2024-10-26,332.85,15,1176,62.51,0,0
2024-10-27,273.32,14,1026,47.27,0,0
2024-10-28,255.17,12,963,59.33,1,0
2024-10-29,270.71,12,993,58.35,1,0
2024-10-30,281.43,15,1019,58.46,1,0
2024-10-31,269.9,13,1003,55.94,1,0
2024-11-01,324.78,16,1225,58.73,0,1
2024-11-02,329.3,13,1148,48.5,0,1
2024-11-03,285.98,11,1045,49.2,0,1
2024-11-04,282.98,12,1033,54.43,0,1
2024-11-05,259.7,11,977,49.93,0,1
2024-11-06,278.38,11,1037,50.41,0,1
2024-11-07,283.82,11,1039,50.57,0,1
2024-11-08,359.81,15,1257,66.57,1,1
2024-11-09,339.02,17,1233,61.09,0,1
2024-11-10,290.01,15,1057,47.89,0,1
2024-11-11,240.33,10,925,48.34,0,1
2024-11-12,254.52,10,914,52.13,0,1
2024-11-13,291.93,13,1037,50.21,0,1
2024-11-14,275.09,12,1023,54.78,0,1
2024-11-15,307.86,15,1096,50.13,0,1
2024-11-16,355.54,17,1248,63.93,0,1
2024-11-17,309.87,12,1138,53.64,0,1
2024-11-18,264.95,12,1003,48.56,0,1
2024-11-19,266.17,12,993,54.19,0,1
2024-11-20,279.57,13,990,50.21,0,1
2024-11-21,289.84,11,1083,55.1,0,1
2024-11-22,318.51,15,1144,52.74,0,1
2024-11-23,347.55,14,1228,61.49,0,1
2024-11-24,295.89,15,1085,54.43,0,1
2024-11-25,281.57,15,1033,50.19,0,1
2024-11-26,271.27,12,968,57.45,0,1
2024-11-27,288.8,13,1084,43.28,0,1
2024-11-28,294.96,12,1057,51.83,0,1
2024-11-29,349.26,14,1201,63.43,1,1
2024-11-30,346.37,13,1250,57.21,0,1
2024-12-01,280.25,12,1034,58.76,0,1
2024-12-02,278.4,12,1038,50.46,0,1
2024-12-03,239.62,11,889,54.22,0,1
2024-12-04,289.91,10,1071,53.35,0,1
2024-12-05,327.42,15,1185,59.9,1,1
2024-12-06,332.53,13,1232,51.71,0,1
2024-12-07,352.01,18,1225,59.62,0,1
2024-12-08,324.55,18,1124,53.74,0,1
2024-12-09,294.3,13,1048,55.19,0,1
2024-12-10,270.42,13,991,48.62,0,1
2024-12-11,289.0,16,1110,62.29,0,1
2024-12-12,308.97,11,1103,54.42,0,1
2024-12-13,332.23,13,1210,57.56,0,1
2024-12-14,382.59,15,1342,65.41,0,1
2024-12-15,317.88,14,1121,51.48,0,1
2024-12-16,288.11,12,1067,52.08,0,1
2024-12-17,267.99,13,991,55.34,0,1
2024-12-18,297.04,13,1061,53.01,0,1
2024-12-19,295.65,12,1116,51.36,0,1
2024-12-20,318.68,12,1124,54.81,0,1
2024-12-21,344.73,14,1220,60.56,0,1
2024-12-22,328.68,15,1195,61.15,0,1
2024-12-23,280.17,13,1024,48.77,0,1
2024-12-24,279.41,10,1048,57.66,0,1
2024-12-25,325.53,15,1167,68.16,1,1
2024-12-26,300.19,14,1073,54.92,0,1
2024-12-27,356.54,15,1297,70.89,0,1
2024-12-28,394.79,20,1386,73.41,1,1
2024-12-29,323.61,16,1195,56.58,0,1
2024-12-30,282.65,11,1061,56.37,0,1
2024-12-31,292.85,12,1073,49.01,0,1
